0.968462	-0.0329272	0.0187176	0.246264	0.968462	-0.0329272	0.0187176	0.246264	0.968462	-0.0329272	0.0187176	0.246264	0.968462	-0.0329272	0.0187176	0.246264
0.968458	-0.032762	0.0185895	0.246313	0.968458	-0.032762	0.0185895	0.246313	0.968458	-0.032762	0.0185895	0.246313	0.968458	-0.032762	0.0185895	0.246313
0.968458	-0.032762	0.0185895	0.246313	0.968458	-0.032762	0.0185895	0.246313	0.968458	-0.032762	0.0185895	0.246313	0.968458	-0.032762	0.0185895	0.246313
0.968454	-0.03271	0.0186472	0.246331	0.968454	-0.03271	0.0186472	0.246331	0.968454	-0.03271	0.0186472	0.246331	0.968454	-0.03271	0.0186472	0.246331
0.968462	-0.032758	0.0186259	0.246296	0.968462	-0.032758	0.0186259	0.246296	0.968462	-0.032758	0.0186259	0.246296	0.968462	-0.032758	0.0186259	0.246296
0.968465	-0.0327808	0.0186371	0.246279	0.968465	-0.0327808	0.0186371	0.246279	0.968465	-0.0327808	0.0186371	0.246279	0.968465	-0.0327808	0.0186371	0.246279
0.968463	-0.0328425	0.018629	0.246278	0.968463	-0.0328425	0.018629	0.246278	0.968463	-0.0328425	0.018629	0.246278	0.968463	-0.0328425	0.018629	0.246278
0.968463	-0.0328425	0.018629	0.246278	0.968463	-0.0328425	0.018629	0.246278	0.968463	-0.0328425	0.018629	0.246278	0.968463	-0.0328425	0.018629	0.246278
0.968449	-0.032798	0.0186373	0.246341	0.968449	-0.032798	0.0186373	0.246341	0.968449	-0.032798	0.0186373	0.246341	0.968449	-0.032798	0.0186373	0.246341
0.968444	-0.0328446	0.018632	0.246353	0.968444	-0.0328446	0.018632	0.246353	0.968444	-0.0328446	0.018632	0.246353	0.968444	-0.0328446	0.018632	0.246353
0.968448	-0.0328164	0.0185554	0.246347	0.968448	-0.0328164	0.0185554	0.246347	0.968448	-0.0328164	0.0185554	0.246347	0.968448	-0.0328164	0.0185554	0.246347
0.96844	-0.0327672	0.0185785	0.246386	0.96844	-0.0327672	0.0185785	0.246386	0.96844	-0.0327672	0.0185785	0.246386	0.96844	-0.0327672	0.0185785	0.246386
0.96844	-0.0327672	0.0185785	0.246386	0.96844	-0.0327672	0.0185785	0.246386	0.96844	-0.0327672	0.0185785	0.246386	0.96844	-0.0327672	0.0185785	0.246386
0.96843	-0.0328135	0.0186139	0.246413	0.96843	-0.0328135	0.0186139	0.246413	0.96843	-0.0328135	0.0186139	0.246413	0.96843	-0.0328135	0.0186139	0.246413
0.96843	-0.0327469	0.0186563	0.246422	0.96843	-0.0327469	0.0186563	0.246422	0.96843	-0.0327469	0.0186563	0.246422	0.96843	-0.0327469	0.0186563	0.246422
0.968419	-0.0327472	0.018717	0.24646	0.968419	-0.0327472	0.018717	0.24646	0.968419	-0.0327472	0.018717	0.24646	0.968419	-0.0327472	0.018717	0.24646
0.968421	-0.0327432	0.0186864	0.246455	0.968421	-0.0327432	0.0186864	0.246455	0.968421	-0.0327432	0.0186864	0.246455	0.968421	-0.0327432	0.0186864	0.246455
0.968421	-0.0327432	0.0186864	0.246455	0.968421	-0.0327432	0.0186864	0.246455	0.968421	-0.0327432	0.0186864	0.246455	0.968421	-0.0327432	0.0186864	0.246455
0.96842	-0.0326626	0.0187204	0.246466	0.96842	-0.0326626	0.0187204	0.246466	0.96842	-0.0326626	0.0187204	0.246466	0.96842	-0.0326626	0.0187204	0.246466
0.968425	-0.0325973	0.0187545	0.246453	0.968425	-0.0325973	0.0187545	0.246453	0.968425	-0.0325973	0.0187545	0.246453	0.968425	-0.0325973	0.0187545	0.246453
0.968433	-0.0326119	0.0186775	0.246426	0.968433	-0.0326119	0.0186775	0.246426	0.968433	-0.0326119	0.0186775	0.246426	0.968433	-0.0326119	0.0186775	0.246426
0.96844	-0.0326055	0.0186334	0.246401	0.96844	-0.0326055	0.0186334	0.246401	0.96844	-0.0326055	0.0186334	0.246401	0.96844	-0.0326055	0.0186334	0.246401
0.96844	-0.0326055	0.0186334	0.246401	0.96844	-0.0326055	0.0186334	0.246401	0.96844	-0.0326055	0.0186334	0.246401	0.96844	-0.0326055	0.0186334	0.246401
0.968445	-0.0325011	0.0185868	0.246399	0.968445	-0.0325011	0.0185868	0.246399	0.968445	-0.0325011	0.0185868	0.246399	0.968445	-0.0325011	0.0185868	0.246399
0.968454	-0.0324969	0.0185263	0.24637	0.968454	-0.0324969	0.0185263	0.24637	0.968454	-0.0324969	0.0185263	0.24637	0.968454	-0.0324969	0.0185263	0.24637
0.968468	-0.0325214	0.0184527	0.246316	0.968468	-0.0325214	0.0184527	0.246316	0.968468	-0.0325214	0.0184527	0.246316	0.968468	-0.0325214	0.0184527	0.246316
0.968467	-0.0324643	0.0185212	0.246322	0.968467	-0.0324643	0.0185212	0.246322	0.968467	-0.0324643	0.0185212	0.246322	0.968467	-0.0324643	0.0185212	0.246322
0.968467	-0.0324643	0.0185212	0.246322	0.968467	-0.0324643	0.0185212	0.246322	0.968467	-0.0324643	0.0185212	0.246322	0.968467	-0.0324643	0.0185212	0.246322
0.968449	-0.0323416	0.0185936	0.246404	0.968449	-0.0323416	0.0185936	0.246404	0.968449	-0.0323416	0.0185936	0.246404	0.968449	-0.0323416	0.0185936	0.246404
0.968449	-0.0323636	0.0186319	0.246399	0.968449	-0.0323636	0.0186319	0.246399	0.968449	-0.0323636	0.0186319	0.246399	0.968449	-0.0323636	0.0186319	0.246399
0.968442	-0.0324033	0.0187018	0.246415	0.968442	-0.0324033	0.0187018	0.246415	0.968442	-0.0324033	0.0187018	0.246415	0.968442	-0.0324033	0.0187018	0.246415
0.968467	-0.0323973	0.0186784	0.24632	0.968467	-0.0323973	0.0186784	0.24632	0.968467	-0.0323973	0.0186784	0.24632	0.968467	-0.0323973	0.0186784	0.24632
0.968467	-0.0323973	0.0186784	0.24632	0.968467	-0.0323973	0.0186784	0.24632	0.968467	-0.0323973	0.0186784	0.24632	0.968467	-0.0323973	0.0186784	0.24632
0.968476	-0.0324002	0.0186299	0.246286	0.968476	-0.0324002	0.0186299	0.246286	0.968476	-0.0324002	0.0186299	0.246286	0.968476	-0.0324002	0.0186299	0.246286
0.968482	-0.0323716	0.0186057	0.24627	0.968482	-0.0323716	0.0186057	0.24627	0.968482	-0.0323716	0.0186057	0.24627	0.968482	-0.0323716	0.0186057	0.24627
0.968493	-0.0324221	0.0185441	0.246223	0.968493	-0.0324221	0.0185441	0.246223	0.968493	-0.0324221	0.0185441	0.246223	0.968493	-0.0324221	0.0185441	0.246223
0.968487	-0.0324803	0.0185938	0.246238	0.968487	-0.0324803	0.0185938	0.246238	0.968487	-0.0324803	0.0185938	0.246238	0.968487	-0.0324803	0.0185938	0.246238
0.968487	-0.0324803	0.0185938	0.246238	0.968487	-0.0324803	0.0185938	0.246238	0.968487	-0.0324803	0.0185938	0.246238	0.968487	-0.0324803	0.0185938	0.246238
0.968483	-0.0325005	0.018621	0.246246	0.968483	-0.0325005	0.018621	0.246246	0.968483	-0.0325005	0.018621	0.246246	0.968483	-0.0325005	0.018621	0.246246
0.968492	-0.0326576	0.0186319	0.246189	0.968492	-0.0326576	0.0186319	0.246189	0.968492	-0.0326576	0.0186319	0.246189	0.968492	-0.0326576	0.0186319	0.246189
0.968492	-0.0326576	0.0186319	0.246189	0.968492	-0.0326576	0.0186319	0.246189	0.968492	-0.0326576	0.0186319	0.246189	0.968492	-0.0326576	0.0186319	0.246189
0.968497	-0.0326589	0.0185701	0.246174	0.968497	-0.0326589	0.0185701	0.246174	0.968497	-0.0326589	0.0185701	0.246174	0.968497	-0.0326589	0.0185701	0.246174
0.968497	-0.0326589	0.0185701	0.246174	0.968497	-0.0326589	0.0185701	0.246174	0.968497	-0.0326589	0.0185701	0.246174	0.968497	-0.0326589	0.0185701	0.246174
0.968482	-0.0325538	0.0185991	0.246246	0.968482	-0.0325538	0.0185991	0.246246	0.968482	-0.0325538	0.0185991	0.246246	0.968482	-0.0325538	0.0185991	0.246246
0.968493	-0.0325722	0.0185759	0.246204	0.968493	-0.0325722	0.0185759	0.246204	0.968493	-0.0325722	0.0185759	0.246204	0.968493	-0.0325722	0.0185759	0.246204
0.968494	-0.0325024	0.0185946	0.246206	0.968494	-0.0325024	0.0185946	0.246206	0.968494	-0.0325024	0.0185946	0.246206	0.968494	-0.0325024	0.0185946	0.246206
0.968489	-0.0324459	0.0185395	0.246236	0.968489	-0.0324459	0.0185395	0.246236	0.968489	-0.0324459	0.0185395	0.246236	0.968489	-0.0324459	0.0185395	0.246236
0.968457	-0.0324508	0.0186996	0.246348	0.968457	-0.0324508	0.0186996	0.246348	0.968457	-0.0324508	0.0186996	0.246348	0.968457	-0.0324508	0.0186996	0.246348
0.968457	-0.0324508	0.0186996	0.246348	0.968457	-0.0324508	0.0186996	0.246348	0.968457	-0.0324508	0.0186996	0.246348	0.968457	-0.0324508	0.0186996	0.246348
0.968474	-0.0324401	0.0186245	0.24629	0.968474	-0.0324401	0.0186245	0.24629	0.968474	-0.0324401	0.0186245	0.24629	0.968474	-0.0324401	0.0186245	0.24629
0.968491	-0.0325539	0.0185378	0.246213	0.968491	-0.0325539	0.0185378	0.246213	0.968491	-0.0325539	0.0185378	0.246213	0.968491	-0.0325539	0.0185378	0.246213
0.968484	-0.0325569	0.0185676	0.246241	0.968484	-0.0325569	0.0185676	0.246241	0.968484	-0.0325569	0.0185676	0.246241	0.968484	-0.0325569	0.0185676	0.246241
0.968499	-0.0325129	0.0185102	0.246192	0.968499	-0.0325129	0.0185102	0.246192	0.968499	-0.0325129	0.0185102	0.246192	0.968499	-0.0325129	0.0185102	0.246192
0.968499	-0.0325129	0.0185102	0.246192	0.968499	-0.0325129	0.0185102	0.246192	0.968499	-0.0325129	0.0185102	0.246192	0.968499	-0.0325129	0.0185102	0.246192
0.9685	-0.0325192	0.0185028	0.246186	0.9685	-0.0325192	0.0185028	0.246186	0.9685	-0.0325192	0.0185028	0.246186	0.9685	-0.0325192	0.0185028	0.246186
0.968497	-0.0325686	0.0185664	0.246186	0.968497	-0.0325686	0.0185664	0.246186	0.968497	-0.0325686	0.0185664	0.246186	0.968497	-0.0325686	0.0185664	0.246186
0.968491	-0.0325859	0.0185982	0.246207	0.968491	-0.0325859	0.0185982	0.246207	0.968491	-0.0325859	0.0185982	0.246207	0.968491	-0.0325859	0.0185982	0.246207
0.968484	-0.0326157	0.0185642	0.246234	0.968484	-0.0326157	0.0185642	0.246234	0.968484	-0.0326157	0.0185642	0.246234	0.968484	-0.0326157	0.0185642	0.246234
0.968485	-0.0327227	0.0185908	0.246212	0.968485	-0.0327227	0.0185908	0.246212	0.968485	-0.0327227	0.0185908	0.246212	0.968485	-0.0327227	0.0185908	0.246212
0.968485	-0.0327227	0.0185908	0.246212	0.968485	-0.0327227	0.0185908	0.246212	0.968485	-0.0327227	0.0185908	0.246212	0.968485	-0.0327227	0.0185908	0.246212
0.968466	-0.0326953	0.0187324	0.246279	0.968466	-0.0326953	0.0187324	0.246279	0.968466	-0.0326953	0.0187324	0.246279	0.968466	-0.0326953	0.0187324	0.246279
0.968472	-0.0327166	0.0186587	0.246257	0.968472	-0.0327166	0.0186587	0.246257	0.968472	-0.0327166	0.0186587	0.246257	0.968472	-0.0327166	0.0186587	0.246257
0.968457	-0.0325811	0.018528	0.246345	0.968457	-0.0325811	0.018528	0.246345	0.968457	-0.0325811	0.018528	0.246345	0.968457	-0.0325811	0.018528	0.246345
0.968477	-0.0326589	0.0184419	0.246264	0.968477	-0.0326589	0.0184419	0.246264	0.968477	-0.0326589	0.0184419	0.246264	0.968477	-0.0326589	0.0184419	0.246264
0.96848	-0.032679	0.0183978	0.246252	0.96848	-0.032679	0.0183978	0.246252	0.96848	-0.032679	0.0183978	0.246252	0.96848	-0.032679	0.0183978	0.246252
0.968488	-0.0327286	0.0183375	0.246219	0.968488	-0.0327286	0.0183375	0.246219	0.968488	-0.0327286	0.0183375	0.246219	0.968488	-0.0327286	0.0183375	0.246219
0.968488	-0.0327286	0.0183375	0.246219	0.968488	-0.0327286	0.0183375	0.246219	0.968488	-0.0327286	0.0183375	0.246219	0.968488	-0.0327286	0.0183375	0.246219
0.96848	-0.0328956	0.0184707	0.246219	0.96848	-0.0328956	0.0184707	0.246219	0.96848	-0.0328956	0.0184707	0.246219	0.96848	-0.0328956	0.0184707	0.246219
0.968492	-0.0329946	0.0185622	0.24615	0.968492	-0.0329946	0.0185622	0.24615	0.968492	-0.0329946	0.0185622	0.24615	0.968492	-0.0329946	0.0185622	0.24615
0.96849	-0.0330745	0.0186149	0.246144	0.96849	-0.0330745	0.0186149	0.246144	0.96849	-0.0330745	0.0186149	0.246144	0.96849	-0.0330745	0.0186149	0.246144
0.96849	-0.0330745	0.0186149	0.246144	0.96849	-0.0330745	0.0186149	0.246144	0.96849	-0.0330745	0.0186149	0.246144	0.96849	-0.0330745	0.0186149	0.246144
0.968503	-0.0331888	0.0186006	0.246079	0.968503	-0.0331888	0.0186006	0.246079	0.968503	-0.0331888	0.0186006	0.246079	0.968503	-0.0331888	0.0186006	0.246079
0.968496	-0.0331865	0.018474	0.246115	0.968496	-0.0331865	0.018474	0.246115	0.968496	-0.0331865	0.018474	0.246115	0.968496	-0.0331865	0.018474	0.246115
0.968475	-0.033075	0.0184952	0.24621	0.968475	-0.033075	0.0184952	0.24621	0.968475	-0.033075	0.0184952	0.24621	0.968475	-0.033075	0.0184952	0.24621
0.968462	-0.0329138	0.0184568	0.246288	0.968462	-0.0329138	0.0184568	0.246288	0.968462	-0.0329138	0.0184568	0.246288	0.968462	-0.0329138	0.0184568	0.246288
0.968462	-0.0329138	0.0184568	0.246288	0.968462	-0.0329138	0.0184568	0.246288	0.968462	-0.0329138	0.0184568	0.246288	0.968462	-0.0329138	0.0184568	0.246288
0.968469	-0.0328952	0.0183913	0.246266	0.968469	-0.0328952	0.0183913	0.246266	0.968469	-0.0328952	0.0183913	0.246266	0.968469	-0.0328952	0.0183913	0.246266
0.96848	-0.0329344	0.0183212	0.246225	0.96848	-0.0329344	0.0183212	0.246225	0.96848	-0.0329344	0.0183212	0.246225	0.96848	-0.0329344	0.0183212	0.246225
0.968465	-0.0328396	0.0182922	0.246296	0.968465	-0.0328396	0.0182922	0.246296	0.968465	-0.0328396	0.0182922	0.246296	0.968465	-0.0328396	0.0182922	0.246296
0.968466	-0.0329408	0.0183462	0.246275	0.968466	-0.0329408	0.0183462	0.246275	0.968466	-0.0329408	0.0183462	0.246275	0.968466	-0.0329408	0.0183462	0.246275
0.968466	-0.0329408	0.0183462	0.246275	0.968466	-0.0329408	0.0183462	0.246275	0.968466	-0.0329408	0.0183462	0.246275	0.968466	-0.0329408	0.0183462	0.246275
0.968466	-0.0329697	0.0184385	0.246265	0.968466	-0.0329697	0.0184385	0.246265	0.968466	-0.0329697	0.0184385	0.246265	0.968466	-0.0329697	0.0184385	0.246265
0.968465	-0.0330178	0.0184196	0.246262	0.968465	-0.0330178	0.0184196	0.246262	0.968465	-0.0330178	0.0184196	0.246262	0.968465	-0.0330178	0.0184196	0.246262
0.968467	-0.0329585	0.0184139	0.246264	0.968467	-0.0329585	0.0184139	0.246264	0.968467	-0.0329585	0.0184139	0.246264	0.968467	-0.0329585	0.0184139	0.246264
0.968473	-0.0329046	0.0182163	0.246263	0.968473	-0.0329046	0.0182163	0.246263	0.968473	-0.0329046	0.0182163	0.246263	0.968473	-0.0329046	0.0182163	0.246263
0.968475	-0.0329201	0.0181952	0.246255	0.968475	-0.0329201	0.0181952	0.246255	0.968475	-0.0329201	0.0181952	0.246255	0.968475	-0.0329201	0.0181952	0.246255
0.968475	-0.0329201	0.0181952	0.246255	0.968475	-0.0329201	0.0181952	0.246255	0.968475	-0.0329201	0.0181952	0.246255	0.968475	-0.0329201	0.0181952	0.246255
0.96847	-0.0328962	0.0182391	0.246273	0.96847	-0.0328962	0.0182391	0.246273	0.96847	-0.0328962	0.0182391	0.246273	0.96847	-0.0328962	0.0182391	0.246273
0.968455	-0.0328088	0.018362	0.246336	0.968455	-0.0328088	0.018362	0.246336	0.968455	-0.0328088	0.018362	0.246336	0.968455	-0.0328088	0.018362	0.246336
0.968444	-0.0328105	0.0183927	0.246376	0.968444	-0.0328105	0.0183927	0.246376	0.968444	-0.0328105	0.0183927	0.246376	0.968444	-0.0328105	0.0183927	0.246376
0.968456	-0.0328377	0.0184075	0.246326	0.968456	-0.0328377	0.0184075	0.246326	0.968456	-0.0328377	0.0184075	0.246326	0.968456	-0.0328377	0.0184075	0.246326
0.968447	-0.032834	0.0184127	0.246359	0.968447	-0.032834	0.0184127	0.246359	0.968447	-0.032834	0.0184127	0.246359	0.968447	-0.032834	0.0184127	0.246359
0.968447	-0.032834	0.0184127	0.246359	0.968447	-0.032834	0.0184127	0.246359	0.968447	-0.032834	0.0184127	0.246359	0.968447	-0.032834	0.0184127	0.246359
0.968448	-0.032891	0.018385	0.246351	0.968448	-0.032891	0.018385	0.246351	0.968448	-0.032891	0.018385	0.246351	0.968448	-0.032891	0.018385	0.246351
0.968442	-0.0327891	0.018309	0.246392	0.968442	-0.0327891	0.018309	0.246392	0.968442	-0.0327891	0.018309	0.246392	0.968442	-0.0327891	0.018309	0.246392
0.968452	-0.0327756	0.0182376	0.246361	0.968452	-0.0327756	0.0182376	0.246361	0.968452	-0.0327756	0.0182376	0.246361	0.968452	-0.0327756	0.0182376	0.246361
0.968452	-0.0327756	0.0182376	0.246361	0.968452	-0.0327756	0.0182376	0.246361	0.968452	-0.0327756	0.0182376	0.246361	0.968452	-0.0327756	0.0182376	0.246361
0.968452	-0.0327756	0.0182376	0.246361	0.968452	-0.0327756	0.0182376	0.246361	0.968452	-0.0327756	0.0182376	0.246361	0.968452	-0.0327756	0.0182376	0.246361
0.96847	-0.0328013	0.0181922	0.246289	0.96847	-0.0328013	0.0181922	0.246289	0.96847	-0.0328013	0.0181922	0.246289	0.96847	-0.0328013	0.0181922	0.246289
0.968476	-0.032781	0.0182089	0.246266	0.968476	-0.032781	0.0182089	0.246266	0.968476	-0.032781	0.0182089	0.246266	0.968476	-0.032781	0.0182089	0.246266
0.968467	-0.0327322	0.0182312	0.24631	0.968467	-0.0327322	0.0182312	0.24631	0.968467	-0.0327322	0.0182312	0.24631	0.968467	-0.0327322	0.0182312	0.24631
0.968446	-0.0325941	0.0182839	0.246404	0.968446	-0.0325941	0.0182839	0.246404	0.968446	-0.0325941	0.0182839	0.246404	0.968446	-0.0325941	0.0182839	0.246404
0.968446	-0.0325941	0.0182839	0.246404	0.968446	-0.0325941	0.0182839	0.246404	0.968446	-0.0325941	0.0182839	0.246404	0.968446	-0.0325941	0.0182839	0.246404
0.968416	-0.0325401	0.0183581	0.246525	0.968416	-0.0325401	0.0183581	0.246525	0.968416	-0.0325401	0.0183581	0.246525	0.968416	-0.0325401	0.0183581	0.246525
0.968435	-0.0325894	0.0183342	0.246446	0.968435	-0.0325894	0.0183342	0.246446	0.968435	-0.0325894	0.0183342	0.246446	0.968435	-0.0325894	0.0183342	0.246446
0.968423	-0.032766	0.0184732	0.246461	0.968423	-0.032766	0.0184732	0.246461	0.968423	-0.032766	0.0184732	0.246461	0.968423	-0.032766	0.0184732	0.246461
0.968417	-0.0327555	0.0184925	0.246483	0.968417	-0.0327555	0.0184925	0.246483	0.968417	-0.0327555	0.0184925	0.246483	0.968417	-0.0327555	0.0184925	0.246483
0.968417	-0.0327555	0.0184925	0.246483	0.968417	-0.0327555	0.0184925	0.246483	0.968417	-0.0327555	0.0184925	0.246483	0.968417	-0.0327555	0.0184925	0.246483
0.968414	-0.0327731	0.0184567	0.246495	0.968414	-0.0327731	0.0184567	0.246495	0.968414	-0.0327731	0.0184567	0.246495	0.968414	-0.0327731	0.0184567	0.246495
0.968412	-0.0326819	0.0184535	0.246513	0.968412	-0.0326819	0.0184535	0.246513	0.968412	-0.0326819	0.0184535	0.246513	0.968412	-0.0326819	0.0184535	0.246513
0.968431	-0.0327028	0.0182954	0.246447	0.968431	-0.0327028	0.0182954	0.246447	0.968431	-0.0327028	0.0182954	0.246447	0.968431	-0.0327028	0.0182954	0.246447
0.968431	-0.0327028	0.0182954	0.246447	0.968431	-0.0327028	0.0182954	0.246447	0.968431	-0.0327028	0.0182954	0.246447	0.968431	-0.0327028	0.0182954	0.246447
0.968442	-0.0327391	0.0182618	0.246403	0.968442	-0.0327391	0.0182618	0.246403	0.968442	-0.0327391	0.0182618	0.246403	0.968442	-0.0327391	0.0182618	0.246403
0.968433	-0.0328524	0.0184226	0.246413	0.968433	-0.0328524	0.0184226	0.246413	0.968433	-0.0328524	0.0184226	0.246413	0.968433	-0.0328524	0.0184226	0.246413
0.968441	-0.0328827	0.0183819	0.246381	0.968441	-0.0328827	0.0183819	0.246381	0.968441	-0.0328827	0.0183819	0.246381	0.968441	-0.0328827	0.0183819	0.246381
0.968448	-0.0328813	0.0182994	0.246359	0.968448	-0.0328813	0.0182994	0.246359	0.968448	-0.0328813	0.0182994	0.246359	0.968448	-0.0328813	0.0182994	0.246359
0.968439	-0.032854	0.0183027	0.246395	0.968439	-0.032854	0.0183027	0.246395	0.968439	-0.032854	0.0183027	0.246395	0.968439	-0.032854	0.0183027	0.246395
0.968431	-0.032775	0.0182846	0.246439	0.968431	-0.032775	0.0182846	0.246439	0.968431	-0.032775	0.0182846	0.246439	0.968431	-0.032775	0.0182846	0.246439
0.968419	-0.0327576	0.0183082	0.246489	0.968419	-0.0327576	0.0183082	0.246489	0.968419	-0.0327576	0.0183082	0.246489	0.968419	-0.0327576	0.0183082	0.246489
0.968408	-0.0327386	0.0183577	0.246529	0.968408	-0.0327386	0.0183577	0.246529	0.968408	-0.0327386	0.0183577	0.246529	0.968408	-0.0327386	0.0183577	0.246529
0.968398	-0.0327991	0.0184256	0.246557	0.968398	-0.0327991	0.0184256	0.246557	0.968398	-0.0327991	0.0184256	0.246557	0.968398	-0.0327991	0.0184256	0.246557
0.968398	-0.0328376	0.0184172	0.24655	0.968398	-0.0328376	0.0184172	0.24655	0.968398	-0.0328376	0.0184172	0.24655	0.968398	-0.0328376	0.0184172	0.24655
0.968398	-0.0328376	0.0184172	0.24655	0.968398	-0.0328376	0.0184172	0.24655	0.968398	-0.0328376	0.0184172	0.24655	0.968398	-0.0328376	0.0184172	0.24655
0.968405	-0.0328225	0.0184492	0.246525	0.968405	-0.0328225	0.0184492	0.246525	0.968405	-0.0328225	0.0184492	0.246525	0.968405	-0.0328225	0.0184492	0.246525
0.968394	-0.0328633	0.0184996	0.246559	0.968394	-0.0328633	0.0184996	0.246559	0.968394	-0.0328633	0.0184996	0.246559	0.968394	-0.0328633	0.0184996	0.246559
0.968396	-0.0329299	0.0184591	0.246545	0.968396	-0.0329299	0.0184591	0.246545	0.968396	-0.0329299	0.0184591	0.246545	0.968396	-0.0329299	0.0184591	0.246545
0.968389	-0.0330223	0.0186072	0.246547	0.968389	-0.0330223	0.0186072	0.246547	0.968389	-0.0330223	0.0186072	0.246547	0.968389	-0.0330223	0.0186072	0.246547
0.968388	-0.0329932	0.0185844	0.246557	0.968388	-0.0329932	0.0185844	0.246557	0.968388	-0.0329932	0.0185844	0.246557	0.968388	-0.0329932	0.0185844	0.246557
0.96837	-0.0330267	0.0187352	0.246614	0.96837	-0.0330267	0.0187352	0.246614	0.96837	-0.0330267	0.0187352	0.246614	0.96837	-0.0330267	0.0187352	0.246614
0.968381	-0.0329838	0.0186504	0.246581	0.968381	-0.0329838	0.0186504	0.246581	0.968381	-0.0329838	0.0186504	0.246581	0.968381	-0.0329838	0.0186504	0.246581
0.968365	-0.033005	0.0188276	0.246627	0.968365	-0.033005	0.0188276	0.246627	0.968365	-0.033005	0.0188276	0.246627	0.968365	-0.033005	0.0188276	0.246627
0.968368	-0.0330052	0.0188823	0.246614	0.968368	-0.0330052	0.0188823	0.246614	0.968368	-0.0330052	0.0188823	0.246614	0.968368	-0.0330052	0.0188823	0.246614
0.968368	-0.03294	0.0188478	0.246622	0.968368	-0.03294	0.0188478	0.246622	0.968368	-0.03294	0.0188478	0.246622	0.968368	-0.03294	0.0188478	0.246622
0.968391	-0.03287	0.0187736	0.24655	0.968391	-0.03287	0.0187736	0.24655	0.968391	-0.03287	0.0187736	0.24655	0.968391	-0.03287	0.0187736	0.24655
0.968391	-0.03287	0.0187736	0.24655	0.968391	-0.03287	0.0187736	0.24655	0.968391	-0.03287	0.0187736	0.24655	0.968391	-0.03287	0.0187736	0.24655
0.968391	-0.03287	0.0187736	0.24655	0.968391	-0.03287	0.0187736	0.24655	0.968391	-0.03287	0.0187736	0.24655	0.968391	-0.03287	0.0187736	0.24655
0.968428	-0.0328155	0.0185645	0.246424	0.968428	-0.0328155	0.0185645	0.246424	0.968428	-0.0328155	0.0185645	0.246424	0.968428	-0.0328155	0.0185645	0.246424
0.968432	-0.0327318	0.0185289	0.246424	0.968432	-0.0327318	0.0185289	0.246424	0.968432	-0.0327318	0.0185289	0.246424	0.968432	-0.0327318	0.0185289	0.246424
0.968423	-0.0325754	0.0186292	0.246472	0.968423	-0.0325754	0.0186292	0.246472	0.968423	-0.0325754	0.0186292	0.246472	0.968423	-0.0325754	0.0186292	0.246472
0.968411	-0.0325235	0.0186905	0.246521	0.968411	-0.0325235	0.0186905	0.246521	0.968411	-0.0325235	0.0186905	0.246521	0.968411	-0.0325235	0.0186905	0.246521
0.968405	-0.0325601	0.0187403	0.246535	0.968405	-0.0325601	0.0187403	0.246535	0.968405	-0.0325601	0.0187403	0.246535	0.968405	-0.0325601	0.0187403	0.246535
0.968405	-0.0325601	0.0187403	0.246535	0.968405	-0.0325601	0.0187403	0.246535	0.968405	-0.0325601	0.0187403	0.246535	0.968405	-0.0325601	0.0187403	0.246535
0.968405	-0.0325601	0.0187403	0.246535	0.968405	-0.0325601	0.0187403	0.246535	0.968405	-0.0325601	0.0187403	0.246535	0.968405	-0.0325601	0.0187403	0.246535
0.968392	-0.0326068	0.0187423	0.246583	0.968392	-0.0326068	0.0187423	0.246583	0.968392	-0.0326068	0.0187423	0.246583	0.968392	-0.0326068	0.0187423	0.246583
0.968383	-0.0325546	0.0187649	0.246623	0.968383	-0.0325546	0.0187649	0.246623	0.968383	-0.0325546	0.0187649	0.246623	0.968383	-0.0325546	0.0187649	0.246623
0.968394	-0.0325922	0.0187261	0.246575	0.968394	-0.0325922	0.0187261	0.246575	0.968394	-0.0325922	0.0187261	0.246575	0.968394	-0.0325922	0.0187261	0.246575
0.968426	-0.0325784	0.018596	0.246461	0.968426	-0.0325784	0.018596	0.246461	0.968426	-0.0325784	0.018596	0.246461	0.968426	-0.0325784	0.018596	0.246461
0.96842	-0.0325767	0.0185685	0.24649	0.96842	-0.0325767	0.0185685	0.24649	0.96842	-0.0325767	0.0185685	0.24649	0.96842	-0.0325767	0.0185685	0.24649
0.968435	-0.0325801	0.0185282	0.246432	0.968435	-0.0325801	0.0185282	0.246432	0.968435	-0.0325801	0.0185282	0.246432	0.968435	-0.0325801	0.0185282	0.246432
0.968409	-0.0325508	0.0186694	0.246527	0.968409	-0.0325508	0.0186694	0.246527	0.968409	-0.0325508	0.0186694	0.246527	0.968409	-0.0325508	0.0186694	0.246527
0.968405	-0.0324879	0.0187175	0.246546	0.968405	-0.0324879	0.0187175	0.246546	0.968405	-0.0324879	0.0187175	0.246546	0.968405	-0.0324879	0.0187175	0.246546
0.968412	-0.0325386	0.0187076	0.246515	0.968412	-0.0325386	0.0187076	0.246515	0.968412	-0.0325386	0.0187076	0.246515	0.968412	-0.0325386	0.0187076	0.246515
0.968408	-0.0324495	0.0187471	0.246538	0.968408	-0.0324495	0.0187471	0.246538	0.968408	-0.0324495	0.0187471	0.246538	0.968408	-0.0324495	0.0187471	0.246538
0.968401	-0.0324825	0.0187772	0.246559	0.968401	-0.0324825	0.0187772	0.246559	0.968401	-0.0324825	0.0187772	0.246559	0.968401	-0.0324825	0.0187772	0.246559
0.968401	-0.0324825	0.0187772	0.246559	0.968401	-0.0324825	0.0187772	0.246559	0.968401	-0.0324825	0.0187772	0.246559	0.968401	-0.0324825	0.0187772	0.246559
0.968384	-0.0326369	0.0188619	0.2466	0.968384	-0.0326369	0.0188619	0.2466	0.968384	-0.0326369	0.0188619	0.2466	0.968384	-0.0326369	0.0188619	0.2466
0.968384	-0.0326515	0.0188725	0.246598	0.968384	-0.0326515	0.0188725	0.246598	0.968384	-0.0326515	0.0188725	0.246598	0.968384	-0.0326515	0.0188725	0.246598
0.968386	-0.0327116	0.0188412	0.246586	0.968386	-0.0327116	0.0188412	0.246586	0.968386	-0.0327116	0.0188412	0.246586	0.968386	-0.0327116	0.0188412	0.246586
0.968377	-0.0328649	0.0187993	0.2466	0.968377	-0.0328649	0.0187993	0.2466	0.968377	-0.0328649	0.0187993	0.2466	0.968377	-0.0328649	0.0187993	0.2466
0.968377	-0.0328649	0.0187993	0.2466	0.968377	-0.0328649	0.0187993	0.2466	0.968377	-0.0328649	0.0187993	0.2466	0.968377	-0.0328649	0.0187993	0.2466
0.968382	-0.0329084	0.0187397	0.246581	0.968382	-0.0329084	0.0187397	0.246581	0.968382	-0.0329084	0.0187397	0.246581	0.968382	-0.0329084	0.0187397	0.246581
0.968393	-0.0328904	0.0185802	0.246552	0.968393	-0.0328904	0.0185802	0.246552	0.968393	-0.0328904	0.0185802	0.246552	0.968393	-0.0328904	0.0185802	0.246552
0.968391	-0.0329344	0.0185415	0.246556	0.968391	-0.0329344	0.0185415	0.246556	0.968391	-0.0329344	0.0185415	0.246556	0.968391	-0.0329344	0.0185415	0.246556
0.968388	-0.0329382	0.0186172	0.246561	0.968388	-0.0329382	0.0186172	0.246561	0.968388	-0.0329382	0.0186172	0.246561	0.968388	-0.0329382	0.0186172	0.246561
0.968395	-0.0328785	0.0186688	0.24654	0.968395	-0.0328785	0.0186688	0.24654	0.968395	-0.0328785	0.0186688	0.24654	0.968395	-0.0328785	0.0186688	0.24654
0.968395	-0.0328785	0.0186688	0.24654	0.968395	-0.0328785	0.0186688	0.24654	0.968395	-0.0328785	0.0186688	0.24654	0.968395	-0.0328785	0.0186688	0.24654
0.968398	-0.0329743	0.0186544	0.246516	0.968398	-0.0329743	0.0186544	0.246516	0.968398	-0.0329743	0.0186544	0.246516	0.968398	-0.0329743	0.0186544	0.246516
0.968403	-0.0329067	0.0187961	0.246496	0.968403	-0.0329067	0.0187961	0.246496	0.968403	-0.0329067	0.0187961	0.246496	0.968403	-0.0329067	0.0187961	0.246496
0.968409	-0.0328083	0.0187322	0.246491	0.968409	-0.0328083	0.0187322	0.246491	0.968409	-0.0328083	0.0187322	0.246491	0.968409	-0.0328083	0.0187322	0.246491
0.968406	-0.0328476	0.0187123	0.246496	0.968406	-0.0328476	0.0187123	0.246496	0.968406	-0.0328476	0.0187123	0.246496	0.968406	-0.0328476	0.0187123	0.246496
0.968406	-0.0328476	0.0187123	0.246496	0.968406	-0.0328476	0.0187123	0.246496	0.968406	-0.0328476	0.0187123	0.246496	0.968406	-0.0328476	0.0187123	0.246496
0.968401	-0.0328161	0.0186925	0.246524	0.968401	-0.0328161	0.0186925	0.246524	0.968401	-0.0328161	0.0186925	0.246524	0.968401	-0.0328161	0.0186925	0.246524
0.968382	-0.0326458	0.0187054	0.246619	0.968382	-0.0326458	0.0187054	0.246619	0.968382	-0.0326458	0.0187054	0.246619	0.968382	-0.0326458	0.0187054	0.246619
0.968388	-0.0326922	0.0187211	0.246589	0.968388	-0.0326922	0.0187211	0.246589	0.968388	-0.0326922	0.0187211	0.246589	0.968388	-0.0326922	0.0187211	0.246589
0.968396	-0.0327444	0.0186967	0.246552	0.968396	-0.0327444	0.0186967	0.246552	0.968396	-0.0327444	0.0186967	0.246552	0.968396	-0.0327444	0.0186967	0.246552
0.968396	-0.0327444	0.0186967	0.246552	0.968396	-0.0327444	0.0186967	0.246552	0.968396	-0.0327444	0.0186967	0.246552	0.968396	-0.0327444	0.0186967	0.246552
0.968387	-0.0327859	0.0187345	0.246578	0.968387	-0.0327859	0.0187345	0.246578	0.968387	-0.0327859	0.0187345	0.246578	0.968387	-0.0327859	0.0187345	0.246578
0.968386	-0.0326693	0.0187515	0.246595	0.968386	-0.0326693	0.0187515	0.246595	0.968386	-0.0326693	0.0187515	0.246595	0.968386	-0.0326693	0.0187515	0.246595
0.968364	-0.0326415	0.0188576	0.246676	0.968364	-0.0326415	0.0188576	0.246676	0.968364	-0.0326415	0.0188576	0.246676	0.968364	-0.0326415	0.0188576	0.246676
0.968389	-0.0327584	0.0187465	0.246573	0.968389	-0.0327584	0.0187465	0.246573	0.968389	-0.0327584	0.0187465	0.246573	0.968389	-0.0327584	0.0187465	0.246573
0.968387	-0.0327782	0.0187673	0.246578	0.968387	-0.0327782	0.0187673	0.246578	0.968387	-0.0327782	0.0187673	0.246578	0.968387	-0.0327782	0.0187673	0.246578
0.968387	-0.0327782	0.0187673	0.246578	0.968387	-0.0327782	0.0187673	0.246578	0.968387	-0.0327782	0.0187673	0.246578	0.968387	-0.0327782	0.0187673	0.246578
0.968407	-0.0327011	0.0186693	0.246516	0.968407	-0.0327011	0.0186693	0.246516	0.968407	-0.0327011	0.0186693	0.246516	0.968407	-0.0327011	0.0186693	0.246516
0.968401	-0.0327504	0.0187176	0.24653	0.968401	-0.0327504	0.0187176	0.24653	0.968401	-0.0327504	0.0187176	0.24653	0.968401	-0.0327504	0.0187176	0.24653
0.968404	-0.0326543	0.0186851	0.246533	0.968404	-0.0326543	0.0186851	0.246533	0.968404	-0.0326543	0.0186851	0.246533	0.968404	-0.0326543	0.0186851	0.246533
0.96841	-0.032622	0.018627	0.246518	0.96841	-0.032622	0.018627	0.246518	0.96841	-0.032622	0.018627	0.246518	0.96841	-0.032622	0.018627	0.246518
0.96841	-0.032622	0.018627	0.246518	0.96841	-0.032622	0.018627	0.246518	0.96841	-0.032622	0.018627	0.246518	0.96841	-0.032622	0.018627	0.246518
0.968397	-0.0325793	0.0186627	0.246573	0.968397	-0.0325793	0.0186627	0.246573	0.968397	-0.0325793	0.0186627	0.246573	0.968397	-0.0325793	0.0186627	0.246573
0.9684	-0.0326562	0.0186647	0.246548	0.9684	-0.0326562	0.0186647	0.246548	0.9684	-0.0326562	0.0186647	0.246548	0.9684	-0.0326562	0.0186647	0.246548
0.968418	-0.0328015	0.0186424	0.246461	0.968418	-0.0328015	0.0186424	0.246461	0.968418	-0.0328015	0.0186424	0.246461	0.968418	-0.0328015	0.0186424	0.246461
0.968418	-0.0328015	0.0186424	0.246461	0.968418	-0.0328015	0.0186424	0.246461	0.968418	-0.0328015	0.0186424	0.246461	0.968418	-0.0328015	0.0186424	0.246461
0.968431	-0.0328208	0.0185008	0.246418	0.968431	-0.0328208	0.0185008	0.246418	0.968431	-0.0328208	0.0185008	0.246418	0.968431	-0.0328208	0.0185008	0.246418
0.968436	-0.0327221	0.0184282	0.246416	0.968436	-0.0327221	0.0184282	0.246416	0.968436	-0.0327221	0.0184282	0.246416	0.968436	-0.0327221	0.0184282	0.246416
0.968438	-0.0326952	0.0184312	0.246414	0.968438	-0.0326952	0.0184312	0.246414	0.968438	-0.0326952	0.0184312	0.246414	0.968438	-0.0326952	0.0184312	0.246414
0.968438	-0.0326952	0.0184312	0.246414	0.968438	-0.0326952	0.0184312	0.246414	0.968438	-0.0326952	0.0184312	0.246414	0.968438	-0.0326952	0.0184312	0.246414
0.968437	-0.0325579	0.0184678	0.24643	0.968437	-0.0325579	0.0184678	0.24643	0.968437	-0.0325579	0.0184678	0.24643	0.968437	-0.0325579	0.0184678	0.24643
0.968437	-0.0325579	0.0184678	0.24643	0.968437	-0.0325579	0.0184678	0.24643	0.968437	-0.0325579	0.0184678	0.24643	0.968437	-0.0325579	0.0184678	0.24643
0.968414	-0.0326001	0.018608	0.246506	0.968414	-0.0326001	0.018608	0.246506	0.968414	-0.0326001	0.018608	0.246506	0.968414	-0.0326001	0.018608	0.246506
0.968406	-0.0325683	0.018612	0.246541	0.968406	-0.0325683	0.018612	0.246541	0.968406	-0.0325683	0.018612	0.246541	0.968406	-0.0325683	0.018612	0.246541
0.968426	-0.0325127	0.0185566	0.246476	0.968426	-0.0325127	0.0185566	0.246476	0.968426	-0.0325127	0.0185566	0.246476	0.968426	-0.0325127	0.0185566	0.246476
0.968431	-0.0324942	0.0185682	0.246458	0.968431	-0.0324942	0.0185682	0.246458	0.968431	-0.0324942	0.0185682	0.246458	0.968431	-0.0324942	0.0185682	0.246458
0.968431	-0.0324942	0.0185682	0.246458	0.968431	-0.0324942	0.0185682	0.246458	0.968431	-0.0324942	0.0185682	0.246458	0.968431	-0.0324942	0.0185682	0.246458
0.968419	-0.0326507	0.018593	0.246481	0.968419	-0.0326507	0.018593	0.246481	0.968419	-0.0326507	0.018593	0.246481	0.968419	-0.0326507	0.018593	0.246481
0.968409	-0.0325872	0.018618	0.246528	0.968409	-0.0325872	0.018618	0.246528	0.968409	-0.0325872	0.018618	0.246528	0.968409	-0.0325872	0.018618	0.246528
0.968428	-0.0325737	0.0185953	0.246455	0.968428	-0.0325737	0.0185953	0.246455	0.968428	-0.0325737	0.0185953	0.246455	0.968428	-0.0325737	0.0185953	0.246455
0.968428	-0.032459	0.0185935	0.246471	0.968428	-0.032459	0.0185935	0.246471	0.968428	-0.032459	0.0185935	0.246471	0.968428	-0.032459	0.0185935	0.246471
0.968478	-0.0326336	0.018405	0.246264	0.968478	-0.0326336	0.018405	0.246264	0.968478	-0.0326336	0.018405	0.246264	0.968478	-0.0326336	0.018405	0.246264
0.968478	-0.0326336	0.018405	0.246264	0.968478	-0.0326336	0.018405	0.246264	0.968478	-0.0326336	0.018405	0.246264	0.968478	-0.0326336	0.018405	0.246264
0.968483	-0.0325894	0.0183417	0.246255	0.968483	-0.0325894	0.0183417	0.246255	0.968483	-0.0325894	0.0183417	0.246255	0.968483	-0.0325894	0.0183417	0.246255
0.968473	-0.0325554	0.0183194	0.246303	0.968473	-0.0325554	0.0183194	0.246303	0.968473	-0.0325554	0.0183194	0.246303	0.968473	-0.0325554	0.0183194	0.246303
0.968459	-0.0325058	0.0183384	0.246362	0.968459	-0.0325058	0.0183384	0.246362	0.968459	-0.0325058	0.0183384	0.246362	0.968459	-0.0325058	0.0183384	0.246362
0.96846	-0.0325862	0.0183665	0.246347	0.96846	-0.0325862	0.0183665	0.246347	0.96846	-0.0325862	0.0183665	0.246347	0.96846	-0.0325862	0.0183665	0.246347
0.96846	-0.0325862	0.0183665	0.246347	0.96846	-0.0325862	0.0183665	0.246347	0.96846	-0.0325862	0.0183665	0.246347	0.96846	-0.0325862	0.0183665	0.246347
0.968466	-0.0326332	0.0183636	0.246316	0.968466	-0.0326332	0.0183636	0.246316	0.968466	-0.0326332	0.0183636	0.246316	0.968466	-0.0326332	0.0183636	0.246316
0.968463	-0.0326023	0.0183802	0.24633	0.968463	-0.0326023	0.0183802	0.24633	0.968463	-0.0326023	0.0183802	0.24633	0.968463	-0.0326023	0.0183802	0.24633
0.968509	-0.0327471	0.0181882	0.246145	0.968509	-0.0327471	0.0181882	0.246145	0.968509	-0.0327471	0.0181882	0.246145	0.968509	-0.0327471	0.0181882	0.246145
0.968507	-0.0327084	0.0181392	0.246163	0.968507	-0.0327084	0.0181392	0.246163	0.968507	-0.0327084	0.0181392	0.246163	0.968507	-0.0327084	0.0181392	0.246163
0.968507	-0.0327084	0.0181392	0.246163	0.968507	-0.0327084	0.0181392	0.246163	0.968507	-0.0327084	0.0181392	0.246163	0.968507	-0.0327084	0.0181392	0.246163
0.968489	-0.0327792	0.0183161	0.24621	0.968489	-0.0327792	0.0183161	0.24621	0.968489	-0.0327792	0.0183161	0.24621	0.968489	-0.0327792	0.0183161	0.24621
0.968489	-0.0327837	0.0183127	0.246211	0.968489	-0.0327837	0.0183127	0.246211	0.968489	-0.0327837	0.0183127	0.246211	0.968489	-0.0327837	0.0183127	0.246211
0.968489	-0.0327837	0.0183127	0.246211	0.968489	-0.0327837	0.0183127	0.246211	0.968489	-0.0327837	0.0183127	0.246211	0.968489	-0.0327837	0.0183127	0.246211
0.968478	-0.0327809	0.018311	0.246252	0.968478	-0.0327809	0.018311	0.246252	0.968478	-0.0327809	0.018311	0.246252	0.968478	-0.0327809	0.018311	0.246252
0.968482	-0.03279	0.018204	0.246243	0.968482	-0.03279	0.018204	0.246243	0.968482	-0.03279	0.018204	0.246243	0.968482	-0.03279	0.018204	0.246243
0.968482	-0.03279	0.018204	0.246243	0.968482	-0.03279	0.018204	0.246243	0.968482	-0.03279	0.018204	0.246243	0.968482	-0.03279	0.018204	0.246243
0.968487	-0.032788	0.01814	0.24623	0.968487	-0.032788	0.01814	0.24623	0.968487	-0.032788	0.01814	0.24623	0.968487	-0.032788	0.01814	0.24623
0.968463	-0.0327578	0.0182009	0.246322	0.968463	-0.0327578	0.0182009	0.246322	0.968463	-0.0327578	0.0182009	0.246322	0.968463	-0.0327578	0.0182009	0.246322
0.96847	-0.0328617	0.0181465	0.246284	0.96847	-0.0328617	0.0181465	0.246284	0.96847	-0.0328617	0.0181465	0.246284	0.96847	-0.0328617	0.0181465	0.246284
0.968461	-0.0328214	0.0181266	0.246327	0.968461	-0.0328214	0.0181266	0.246327	0.968461	-0.0328214	0.0181266	0.246327	0.968461	-0.0328214	0.0181266	0.246327
0.968467	-0.0328654	0.0180799	0.246303	0.968467	-0.0328654	0.0180799	0.246303	0.968467	-0.0328654	0.0180799	0.246303	0.968467	-0.0328654	0.0180799	0.246303
0.968467	-0.0328654	0.0180799	0.246303	0.968467	-0.0328654	0.0180799	0.246303	0.968467	-0.0328654	0.0180799	0.246303	0.968467	-0.0328654	0.0180799	0.246303
0.968469	-0.0328416	0.0180895	0.246296	0.968469	-0.0328416	0.0180895	0.246296	0.968469	-0.0328416	0.0180895	0.246296	0.968469	-0.0328416	0.0180895	0.246296
0.968497	-0.0329775	0.0180296	0.246173	0.968497	-0.0329775	0.0180296	0.246173	0.968497	-0.0329775	0.0180296	0.246173	0.968497	-0.0329775	0.0180296	0.246173
0.968474	-0.0329197	0.0180496	0.246268	0.968474	-0.0329197	0.0180496	0.246268	0.968474	-0.0329197	0.0180496	0.246268	0.968474	-0.0329197	0.0180496	0.246268
0.968479	-0.032975	0.0179814	0.246247	0.968479	-0.032975	0.0179814	0.246247	0.968479	-0.032975	0.0179814	0.246247	0.968479	-0.032975	0.0179814	0.246247
0.968479	-0.032975	0.0179814	0.246247	0.968479	-0.032975	0.0179814	0.246247	0.968479	-0.032975	0.0179814	0.246247	0.968479	-0.032975	0.0179814	0.246247
0.968483	-0.032931	0.0180278	0.246233	0.968483	-0.032931	0.0180278	0.246233	0.968483	-0.032931	0.0180278	0.246233	0.968483	-0.032931	0.0180278	0.246233
0.968471	-0.0329293	0.0181942	0.24627	0.968471	-0.0329293	0.0181942	0.24627	0.968471	-0.0329293	0.0181942	0.24627	0.968471	-0.0329293	0.0181942	0.24627
0.968467	-0.0329715	0.0182553	0.246273	0.968467	-0.0329715	0.0182553	0.246273	0.968467	-0.0329715	0.0182553	0.246273	0.968467	-0.0329715	0.0182553	0.246273
0.968467	-0.0329715	0.0182553	0.246273	0.968467	-0.0329715	0.0182553	0.246273	0.968467	-0.0329715	0.0182553	0.246273	0.968467	-0.0329715	0.0182553	0.246273
0.96847	-0.0329444	0.018226	0.24627	0.96847	-0.0329444	0.018226	0.24627	0.96847	-0.0329444	0.018226	0.24627	0.96847	-0.0329444	0.018226	0.24627
0.96848	-0.032873	0.0182034	0.246242	0.96848	-0.032873	0.0182034	0.246242	0.96848	-0.032873	0.0182034	0.246242	0.96848	-0.032873	0.0182034	0.246242
0.968506	-0.0329257	0.0180972	0.24614	0.968506	-0.0329257	0.0180972	0.24614	0.968506	-0.0329257	0.0180972	0.24614	0.968506	-0.0329257	0.0180972	0.24614
0.9685	-0.0329264	0.0181076	0.246161	0.9685	-0.0329264	0.0181076	0.246161	0.9685	-0.0329264	0.0181076	0.246161	0.9685	-0.0329264	0.0181076	0.246161
0.9685	-0.0329264	0.0181076	0.246161	0.9685	-0.0329264	0.0181076	0.246161	0.9685	-0.0329264	0.0181076	0.246161	0.9685	-0.0329264	0.0181076	0.246161
0.968497	-0.0329003	0.0181612	0.246174	0.968497	-0.0329003	0.0181612	0.246174	0.968497	-0.0329003	0.0181612	0.246174	0.968497	-0.0329003	0.0181612	0.246174
0.968503	-0.0328217	0.0181714	0.246159	0.968503	-0.0328217	0.0181714	0.246159	0.968503	-0.0328217	0.0181714	0.246159	0.968503	-0.0328217	0.0181714	0.246159
0.968515	-0.033069	0.0181875	0.246077	0.968515	-0.033069	0.0181875	0.246077	0.968515	-0.033069	0.0181875	0.246077	0.968515	-0.033069	0.0181875	0.246077
0.96851	-0.0330963	0.0182212	0.246092	0.96851	-0.0330963	0.0182212	0.246092	0.96851	-0.0330963	0.0182212	0.246092	0.96851	-0.0330963	0.0182212	0.246092
0.968528	-0.0330706	0.0181127	0.246032	0.968528	-0.0330706	0.0181127	0.246032	0.968528	-0.0330706	0.0181127	0.246032	0.968528	-0.0330706	0.0181127	0.246032
0.968529	-0.0330736	0.0180789	0.246032	0.968529	-0.0330736	0.0180789	0.246032	0.968529	-0.0330736	0.0180789	0.246032	0.968529	-0.0330736	0.0180789	0.246032
0.968529	-0.0330736	0.0180789	0.246032	0.968529	-0.0330736	0.0180789	0.246032	0.968529	-0.0330736	0.0180789	0.246032	0.968529	-0.0330736	0.0180789	0.246032
0.968519	-0.0330197	0.0181351	0.246072	0.968519	-0.0330197	0.0181351	0.246072	0.968519	-0.0330197	0.0181351	0.246072	0.968519	-0.0330197	0.0181351	0.246072
0.968518	-0.0330766	0.0181839	0.246067	0.968518	-0.0330766	0.0181839	0.246067	0.968518	-0.0330766	0.0181839	0.246067	0.968518	-0.0330766	0.0181839	0.246067
0.968515	-0.0331174	0.0181517	0.246074	0.968515	-0.0331174	0.0181517	0.246074	0.968515	-0.0331174	0.0181517	0.246074	0.968515	-0.0331174	0.0181517	0.246074
0.968515	-0.0331174	0.0181517	0.246074	0.968515	-0.0331174	0.0181517	0.246074	0.968515	-0.0331174	0.0181517	0.246074	0.968515	-0.0331174	0.0181517	0.246074
0.968515	-0.0330917	0.0181652	0.246076	0.968515	-0.0330917	0.0181652	0.246076	0.968515	-0.0330917	0.0181652	0.246076	0.968515	-0.0330917	0.0181652	0.246076
0.968515	-0.0330375	0.0180973	0.246091	0.968515	-0.0330375	0.0180973	0.246091	0.968515	-0.0330375	0.0180973	0.246091	0.968515	-0.0330375	0.0180973	0.246091
0.968491	-0.0328476	0.018163	0.246203	0.968491	-0.0328476	0.018163	0.246203	0.968491	-0.0328476	0.018163	0.246203	0.968491	-0.0328476	0.018163	0.246203
0.968482	-0.0328202	0.0182365	0.246237	0.968482	-0.0328202	0.0182365	0.246237	0.968482	-0.0328202	0.0182365	0.246237	0.968482	-0.0328202	0.0182365	0.246237
0.968493	-0.0327798	0.0181966	0.246205	0.968493	-0.0327798	0.0181966	0.246205	0.968493	-0.0327798	0.0181966	0.246205	0.968493	-0.0327798	0.0181966	0.246205
0.968493	-0.0327798	0.0181966	0.246205	0.968493	-0.0327798	0.0181966	0.246205	0.968493	-0.0327798	0.0181966	0.246205	0.968493	-0.0327798	0.0181966	0.246205
0.968503	-0.0327919	0.0181498	0.246165	0.968503	-0.0327919	0.0181498	0.246165	0.968503	-0.0327919	0.0181498	0.246165	0.968503	-0.0327919	0.0181498	0.246165
0.968503	-0.0326694	0.0180962	0.246184	0.968503	-0.0326694	0.0180962	0.246184	0.968503	-0.0326694	0.0180962	0.246184	0.968503	-0.0326694	0.0180962	0.246184
0.9685	-0.0326501	0.0180458	0.246203	0.9685	-0.0326501	0.0180458	0.246203	0.9685	-0.0326501	0.0180458	0.246203	0.9685	-0.0326501	0.0180458	0.246203
0.968512	-0.0326958	0.0180621	0.24615	0.968512	-0.0326958	0.0180621	0.24615	0.968512	-0.0326958	0.0180621	0.24615	0.968512	-0.0326958	0.0180621	0.24615
0.968512	-0.0326958	0.0180621	0.24615	0.968512	-0.0326958	0.0180621	0.24615	0.968512	-0.0326958	0.0180621	0.24615	0.968512	-0.0326958	0.0180621	0.24615
0.968505	-0.0327159	0.0181467	0.246167	0.968505	-0.0327159	0.0181467	0.246167	0.968505	-0.0327159	0.0181467	0.246167	0.968505	-0.0327159	0.0181467	0.246167
0.968494	-0.0327419	0.0182153	0.246204	0.968494	-0.0327419	0.0182153	0.246204	0.968494	-0.0327419	0.0182153	0.246204	0.968494	-0.0327419	0.0182153	0.246204
0.968501	-0.0327808	0.0182756	0.246167	0.968501	-0.0327808	0.0182756	0.246167	0.968501	-0.0327808	0.0182756	0.246167	0.968501	-0.0327808	0.0182756	0.246167
0.968472	-0.0327258	0.0184233	0.246275	0.968472	-0.0327258	0.0184233	0.246275	0.968472	-0.0327258	0.0184233	0.246275	0.968472	-0.0327258	0.0184233	0.246275
0.968479	-0.0326372	0.0183746	0.246263	0.968479	-0.0326372	0.0183746	0.246263	0.968479	-0.0326372	0.0183746	0.246263	0.968479	-0.0326372	0.0183746	0.246263
0.968469	-0.0326789	0.0184453	0.246293	0.968469	-0.0326789	0.0184453	0.246293	0.968469	-0.0326789	0.0184453	0.246293	0.968469	-0.0326789	0.0184453	0.246293
0.968484	-0.0325878	0.0183902	0.246248	0.968484	-0.0325878	0.0183902	0.246248	0.968484	-0.0325878	0.0183902	0.246248	0.968484	-0.0325878	0.0183902	0.246248
0.968489	-0.0325025	0.0183597	0.246244	0.968489	-0.0325025	0.0183597	0.246244	0.968489	-0.0325025	0.0183597	0.246244	0.968489	-0.0325025	0.0183597	0.246244
0.968504	-0.0324939	0.018286	0.246191	0.968504	-0.0324939	0.018286	0.246191	0.968504	-0.0324939	0.018286	0.246191	0.968504	-0.0324939	0.018286	0.246191
0.968507	-0.0325397	0.0182881	0.246172	0.968507	-0.0325397	0.0182881	0.246172	0.968507	-0.0325397	0.0182881	0.246172	0.968507	-0.0325397	0.0182881	0.246172
0.968507	-0.0325397	0.0182881	0.246172	0.968507	-0.0325397	0.0182881	0.246172	0.968507	-0.0325397	0.0182881	0.246172	0.968507	-0.0325397	0.0182881	0.246172
0.968502	-0.0326044	0.018264	0.246184	0.968502	-0.0326044	0.018264	0.246184	0.968502	-0.0326044	0.018264	0.246184	0.968502	-0.0326044	0.018264	0.246184
0.968504	-0.0324968	0.018263	0.24619	0.968504	-0.0324968	0.018263	0.24619	0.968504	-0.0324968	0.018263	0.24619	0.968504	-0.0324968	0.018263	0.24619
0.968524	-0.0325452	0.0182453	0.246109	0.968524	-0.0325452	0.0182453	0.246109	0.968524	-0.0325452	0.0182453	0.246109	0.968524	-0.0325452	0.0182453	0.246109
0.968509	-0.0325605	0.0183073	0.246162	0.968509	-0.0325605	0.0183073	0.246162	0.968509	-0.0325605	0.0183073	0.246162	0.968509	-0.0325605	0.0183073	0.246162
0.968531	-0.032574	0.0182806	0.246073	0.968531	-0.032574	0.0182806	0.246073	0.968531	-0.032574	0.0182806	0.246073	0.968531	-0.032574	0.0182806	0.246073
0.968531	-0.032574	0.0182806	0.246073	0.968531	-0.032574	0.0182806	0.246073	0.968531	-0.032574	0.0182806	0.246073	0.968531	-0.032574	0.0182806	0.246073
0.968545	-0.0326336	0.0182527	0.246013	0.968545	-0.0326336	0.0182527	0.246013	0.968545	-0.0326336	0.0182527	0.246013	0.968545	-0.0326336	0.0182527	0.246013
0.968542	-0.0326591	0.0183116	0.246016	0.968542	-0.0326591	0.0183116	0.246016	0.968542	-0.0326591	0.0183116	0.246016	0.968542	-0.0326591	0.0183116	0.246016
0.968546	-0.0327953	0.0183068	0.245984	0.968546	-0.0327953	0.0183068	0.245984	0.968546	-0.0327953	0.0183068	0.245984	0.968546	-0.0327953	0.0183068	0.245984
0.968571	-0.0326816	0.0181651	0.24591	0.968571	-0.0326816	0.0181651	0.24591	0.968571	-0.0326816	0.0181651	0.24591	0.968571	-0.0326816	0.0181651	0.24591
0.968571	-0.0326816	0.0181651	0.24591	0.968571	-0.0326816	0.0181651	0.24591	0.968571	-0.0326816	0.0181651	0.24591	0.968571	-0.0326816	0.0181651	0.24591
0.96858	-0.0327213	0.0181558	0.245873	0.96858	-0.0327213	0.0181558	0.245873	0.96858	-0.0327213	0.0181558	0.245873	0.96858	-0.0327213	0.0181558	0.245873
0.968577	-0.0327062	0.0181669	0.245883	0.968577	-0.0327062	0.0181669	0.245883	0.968577	-0.0327062	0.0181669	0.245883	0.968577	-0.0327062	0.0181669	0.245883
0.968592	-0.0326248	0.0181273	0.24584	0.968592	-0.0326248	0.0181273	0.24584	0.968592	-0.0326248	0.0181273	0.24584	0.968592	-0.0326248	0.0181273	0.24584
0.96859	-0.0325922	0.0181564	0.245849	0.96859	-0.0325922	0.0181564	0.245849	0.96859	-0.0325922	0.0181564	0.245849	0.96859	-0.0325922	0.0181564	0.245849
0.96859	-0.0325922	0.0181564	0.245849	0.96859	-0.0325922	0.0181564	0.245849	0.96859	-0.0325922	0.0181564	0.245849	0.96859	-0.0325922	0.0181564	0.245849
0.968597	-0.0325943	0.0181506	0.245821	0.968597	-0.0325943	0.0181506	0.245821	0.968597	-0.0325943	0.0181506	0.245821	0.968597	-0.0325943	0.0181506	0.245821
0.968582	-0.0326743	0.0182952	0.245857	0.968582	-0.0326743	0.0182952	0.245857	0.968582	-0.0326743	0.0182952	0.245857	0.968582	-0.0326743	0.0182952	0.245857
0.96856	-0.0328588	0.0185307	0.245905	0.96856	-0.0328588	0.0185307	0.245905	0.96856	-0.0328588	0.0185307	0.245905	0.96856	-0.0328588	0.0185307	0.245905
0.968558	-0.032867	0.0185575	0.245909	0.968558	-0.032867	0.0185575	0.245909	0.968558	-0.032867	0.0185575	0.245909	0.968558	-0.032867	0.0185575	0.245909
0.968558	-0.032867	0.0185575	0.245909	0.968558	-0.032867	0.0185575	0.245909	0.968558	-0.032867	0.0185575	0.245909	0.968558	-0.032867	0.0185575	0.245909
0.968561	-0.0328524	0.0185884	0.245894	0.968561	-0.0328524	0.0185884	0.245894	0.968561	-0.0328524	0.0185884	0.245894	0.968561	-0.0328524	0.0185884	0.245894
0.968559	-0.0327215	0.0186547	0.245918	0.968559	-0.0327215	0.0186547	0.245918	0.968559	-0.0327215	0.0186547	0.245918	0.968559	-0.0327215	0.0186547	0.245918
0.968571	-0.0327674	0.0185603	0.24587	0.968571	-0.0327674	0.0185603	0.24587	0.968571	-0.0327674	0.0185603	0.24587	0.968571	-0.0327674	0.0185603	0.24587
0.968565	-0.0328649	0.0184796	0.245886	0.968565	-0.0328649	0.0184796	0.245886	0.968565	-0.0328649	0.0184796	0.245886	0.968565	-0.0328649	0.0184796	0.245886
0.968565	-0.0328649	0.0184796	0.245886	0.968565	-0.0328649	0.0184796	0.245886	0.968565	-0.0328649	0.0184796	0.245886	0.968565	-0.0328649	0.0184796	0.245886
0.968566	-0.0328198	0.018549	0.245883	0.968566	-0.0328198	0.018549	0.245883	0.968566	-0.0328198	0.018549	0.245883	0.968566	-0.0328198	0.018549	0.245883
0.96857	-0.0327656	0.0186234	0.245869	0.96857	-0.0327656	0.0186234	0.245869	0.96857	-0.0327656	0.0186234	0.245869	0.96857	-0.0327656	0.0186234	0.245869
0.968581	-0.0325582	0.0185799	0.245858	0.968581	-0.0325582	0.0185799	0.245858	0.968581	-0.0325582	0.0185799	0.245858	0.968581	-0.0325582	0.0185799	0.245858
0.968583	-0.0325245	0.0185279	0.245859	0.968583	-0.0325245	0.0185279	0.245859	0.968583	-0.0325245	0.0185279	0.245859	0.968583	-0.0325245	0.0185279	0.245859
0.968596	-0.032488	0.0184542	0.245815	0.968596	-0.032488	0.0184542	0.245815	0.968596	-0.032488	0.0184542	0.245815	0.968596	-0.032488	0.0184542	0.245815
0.968596	-0.032488	0.0184542	0.245815	0.968596	-0.032488	0.0184542	0.245815	0.968596	-0.032488	0.0184542	0.245815	0.968596	-0.032488	0.0184542	0.245815
0.96859	-0.0324991	0.0185114	0.245833	0.96859	-0.0324991	0.0185114	0.245833	0.96859	-0.0324991	0.0185114	0.245833	0.96859	-0.0324991	0.0185114	0.245833
0.968612	-0.032538	0.0180383	0.245778	0.968612	-0.032538	0.0180383	0.245778	0.968612	-0.032538	0.0180383	0.245778	0.968612	-0.032538	0.0180383	0.245778
0.968609	-0.0324422	0.0179127	0.245813	0.968609	-0.0324422	0.0179127	0.245813	0.968609	-0.0324422	0.0179127	0.245813	0.968609	-0.0324422	0.0179127	0.245813
0.968605	-0.0324039	0.0179351	0.245831	0.968605	-0.0324039	0.0179351	0.245831	0.968605	-0.0324039	0.0179351	0.245831	0.968605	-0.0324039	0.0179351	0.245831
0.968605	-0.0324039	0.0179351	0.245831	0.968605	-0.0324039	0.0179351	0.245831	0.968605	-0.0324039	0.0179351	0.245831	0.968605	-0.0324039	0.0179351	0.245831
0.968594	-0.0323321	0.0179333	0.245884	0.968594	-0.0323321	0.0179333	0.245884	0.968594	-0.0323321	0.0179333	0.245884	0.968594	-0.0323321	0.0179333	0.245884
0.968603	-0.0324186	0.0179598	0.245833	0.968603	-0.0324186	0.0179598	0.245833	0.968603	-0.0324186	0.0179598	0.245833	0.968603	-0.0324186	0.0179598	0.245833
0.968595	-0.0323967	0.0179516	0.245868	0.968595	-0.0323967	0.0179516	0.245868	0.968595	-0.0323967	0.0179516	0.245868	0.968595	-0.0323967	0.0179516	0.245868
0.968595	-0.0323173	0.0178575	0.245887	0.968595	-0.0323173	0.0178575	0.245887	0.968595	-0.0323173	0.0178575	0.245887	0.968595	-0.0323173	0.0178575	0.245887
0.968597	-0.0322886	0.0178802	0.245881	0.968597	-0.0322886	0.0178802	0.245881	0.968597	-0.0322886	0.0178802	0.245881	0.968597	-0.0322886	0.0178802	0.245881
0.968597	-0.0322886	0.0178802	0.245881	0.968597	-0.0322886	0.0178802	0.245881	0.968597	-0.0322886	0.0178802	0.245881	0.968597	-0.0322886	0.0178802	0.245881
0.968638	-0.0323769	0.0176165	0.245728	0.968638	-0.0323769	0.0176165	0.245728	0.968638	-0.0323769	0.0176165	0.245728	0.968638	-0.0323769	0.0176165	0.245728
0.968587	-0.0322907	0.0178717	0.24592	0.968587	-0.0322907	0.0178717	0.24592	0.968587	-0.0322907	0.0178717	0.24592	0.968587	-0.0322907	0.0178717	0.24592
0.968563	-0.0323121	0.0180566	0.245998	0.968563	-0.0323121	0.0180566	0.245998	0.968563	-0.0323121	0.0180566	0.245998	0.968563	-0.0323121	0.0180566	0.245998
0.968567	-0.0324238	0.0180745	0.245967	0.968567	-0.0324238	0.0180745	0.245967	0.968567	-0.0324238	0.0180745	0.245967	0.968567	-0.0324238	0.0180745	0.245967
0.968567	-0.0324238	0.0180745	0.245967	0.968567	-0.0324238	0.0180745	0.245967	0.968567	-0.0324238	0.0180745	0.245967	0.968567	-0.0324238	0.0180745	0.245967
0.968568	-0.0325413	0.018123	0.245943	0.968568	-0.0325413	0.018123	0.245943	0.968568	-0.0325413	0.018123	0.245943	0.968568	-0.0325413	0.018123	0.245943
0.968564	-0.0324365	0.0181882	0.245968	0.968564	-0.0324365	0.0181882	0.245968	0.968564	-0.0324365	0.0181882	0.245968	0.968564	-0.0324365	0.0181882	0.245968
0.968552	-0.0324425	0.0182871	0.246007	0.968552	-0.0324425	0.0182871	0.246007	0.968552	-0.0324425	0.0182871	0.246007	0.968552	-0.0324425	0.0182871	0.246007
0.968577	-0.0323948	0.0180967	0.24593	0.968577	-0.0323948	0.0180967	0.24593	0.968577	-0.0323948	0.0180967	0.24593	0.968577	-0.0323948	0.0180967	0.24593
0.968577	-0.0323948	0.0180967	0.24593	0.968577	-0.0323948	0.0180967	0.24593	0.968577	-0.0323948	0.0180967	0.24593	0.968577	-0.0323948	0.0180967	0.24593
0.968601	-0.0324158	0.0179577	0.245844	0.968601	-0.0324158	0.0179577	0.245844	0.968601	-0.0324158	0.0179577	0.245844	0.968601	-0.0324158	0.0179577	0.245844
0.96863	-0.0324926	0.0177095	0.245735	0.96863	-0.0324926	0.0177095	0.245735	0.96863	-0.0324926	0.0177095	0.245735	0.96863	-0.0324926	0.0177095	0.245735
0.968635	-0.0324637	0.0176908	0.245723	0.968635	-0.0324637	0.0176908	0.245723	0.968635	-0.0324637	0.0176908	0.245723	0.968635	-0.0324637	0.0176908	0.245723
0.968635	-0.0325142	0.0177578	0.245709	0.968635	-0.0325142	0.0177578	0.245709	0.968635	-0.0325142	0.0177578	0.245709	0.968635	-0.0325142	0.0177578	0.245709
0.968635	-0.0325142	0.0177578	0.245709	0.968635	-0.0325142	0.0177578	0.245709	0.968635	-0.0325142	0.0177578	0.245709	0.968635	-0.0325142	0.0177578	0.245709
0.968641	-0.032568	0.0177683	0.24568	0.968641	-0.032568	0.0177683	0.24568	0.968641	-0.032568	0.0177683	0.24568	0.968641	-0.032568	0.0177683	0.24568
0.968652	-0.032576	0.017781	0.245635	0.968652	-0.032576	0.017781	0.245635	0.968652	-0.032576	0.017781	0.245635	0.968652	-0.032576	0.017781	0.245635
0.96863	-0.0324212	0.0178322	0.245739	0.96863	-0.0324212	0.0178322	0.245739	0.96863	-0.0324212	0.0178322	0.245739	0.96863	-0.0324212	0.0178322	0.245739
0.968626	-0.032327	0.0179158	0.245759	0.968626	-0.032327	0.0179158	0.245759	0.968626	-0.032327	0.0179158	0.245759	0.968626	-0.032327	0.0179158	0.245759
0.968626	-0.032327	0.0179158	0.245759	0.968626	-0.032327	0.0179158	0.245759	0.968626	-0.032327	0.0179158	0.245759	0.968626	-0.032327	0.0179158	0.245759
0.968622	-0.032261	0.0179128	0.245785	0.968622	-0.032261	0.0179128	0.245785	0.968622	-0.032261	0.0179128	0.245785	0.968622	-0.032261	0.0179128	0.245785
0.968622	-0.032261	0.0179128	0.245785	0.968622	-0.032261	0.0179128	0.245785	0.968622	-0.032261	0.0179128	0.245785	0.968622	-0.032261	0.0179128	0.245785
0.968621	-0.0322952	0.0178989	0.245784	0.968621	-0.0322952	0.0178989	0.245784	0.968621	-0.0322952	0.0178989	0.245784	0.968621	-0.0322952	0.0178989	0.245784
0.968614	-0.0322156	0.0179227	0.24582	0.968614	-0.0322156	0.0179227	0.24582	0.968614	-0.0322156	0.0179227	0.24582	0.968614	-0.0322156	0.0179227	0.24582
0.968614	-0.0322156	0.0179227	0.24582	0.968614	-0.0322156	0.0179227	0.24582	0.968614	-0.0322156	0.0179227	0.24582	0.968614	-0.0322156	0.0179227	0.24582
0.96858	-0.0319984	0.0180843	0.245972	0.96858	-0.0319984	0.0180843	0.245972	0.96858	-0.0319984	0.0180843	0.245972	0.96858	-0.0319984	0.0180843	0.245972
0.968567	-0.0320506	0.0181359	0.24601	0.968567	-0.0320506	0.0181359	0.24601	0.968567	-0.0320506	0.0181359	0.24601	0.968567	-0.0320506	0.0181359	0.24601
0.968577	-0.0321064	0.0180887	0.245969	0.968577	-0.0321064	0.0180887	0.245969	0.968577	-0.0321064	0.0180887	0.245969	0.968577	-0.0321064	0.0180887	0.245969
0.968577	-0.0321064	0.0180887	0.245969	0.968577	-0.0321064	0.0180887	0.245969	0.968577	-0.0321064	0.0180887	0.245969	0.968577	-0.0321064	0.0180887	0.245969
0.968577	-0.0321064	0.0180887	0.245969	0.968577	-0.0321064	0.0180887	0.245969	0.968577	-0.0321064	0.0180887	0.245969	0.968577	-0.0321064	0.0180887	0.245969
0.968556	-0.0320933	0.0182071	0.246043	0.968556	-0.0320933	0.0182071	0.246043	0.968556	-0.0320933	0.0182071	0.246043	0.968556	-0.0320933	0.0182071	0.246043
0.96855	-0.0320555	0.0182767	0.24607	0.96855	-0.0320555	0.0182767	0.24607	0.96855	-0.0320555	0.0182767	0.24607	0.96855	-0.0320555	0.0182767	0.24607
0.968557	-0.0320572	0.0182035	0.246044	0.968557	-0.0320572	0.0182035	0.246044	0.968557	-0.0320572	0.0182035	0.246044	0.968557	-0.0320572	0.0182035	0.246044
0.968546	-0.0321298	0.0181646	0.246083	0.968546	-0.0321298	0.0181646	0.246083	0.968546	-0.0321298	0.0181646	0.246083	0.968546	-0.0321298	0.0181646	0.246083
0.968546	-0.0321298	0.0181646	0.246083	0.968546	-0.0321298	0.0181646	0.246083	0.968546	-0.0321298	0.0181646	0.246083	0.968546	-0.0321298	0.0181646	0.246083
0.968535	-0.0321035	0.0183002	0.24612	0.968535	-0.0321035	0.0183002	0.24612	0.968535	-0.0321035	0.0183002	0.24612	0.968535	-0.0321035	0.0183002	0.24612
0.968558	-0.0320604	0.0182332	0.246039	0.968558	-0.0320604	0.0182332	0.246039	0.968558	-0.0320604	0.0182332	0.246039	0.968558	-0.0320604	0.0182332	0.246039
0.968551	-0.0320935	0.0182811	0.246059	0.968551	-0.0320935	0.0182811	0.246059	0.968551	-0.0320935	0.0182811	0.246059	0.968551	-0.0320935	0.0182811	0.246059
0.96855	-0.0321142	0.018203	0.246065	0.96855	-0.0321142	0.018203	0.246065	0.96855	-0.0321142	0.018203	0.246065	0.96855	-0.0321142	0.018203	0.246065
0.96855	-0.0321677	0.0180727	0.246068	0.96855	-0.0321677	0.0180727	0.246068	0.96855	-0.0321677	0.0180727	0.246068	0.96855	-0.0321677	0.0180727	0.246068
0.96855	-0.0321677	0.0180727	0.246068	0.96855	-0.0321677	0.0180727	0.246068	0.96855	-0.0321677	0.0180727	0.246068	0.96855	-0.0321677	0.0180727	0.246068
0.968558	-0.0320773	0.0181001	0.246044	0.968558	-0.0320773	0.0181001	0.246044	0.968558	-0.0320773	0.0181001	0.246044	0.968558	-0.0320773	0.0181001	0.246044
0.968548	-0.0320234	0.0181489	0.24609	0.968548	-0.0320234	0.0181489	0.24609	0.968548	-0.0320234	0.0181489	0.24609	0.968548	-0.0320234	0.0181489	0.24609
0.968547	-0.0320798	0.0181217	0.246087	0.968547	-0.0320798	0.0181217	0.246087	0.968547	-0.0320798	0.0181217	0.246087	0.968547	-0.0320798	0.0181217	0.246087
0.968544	-0.0321262	0.0181045	0.246096	0.968544	-0.0321262	0.0181045	0.246096	0.968544	-0.0321262	0.0181045	0.246096	0.968544	-0.0321262	0.0181045	0.246096
0.968544	-0.0321262	0.0181045	0.246096	0.968544	-0.0321262	0.0181045	0.246096	0.968544	-0.0321262	0.0181045	0.246096	0.968544	-0.0321262	0.0181045	0.246096
0.968546	-0.0322972	0.0180276	0.246071	0.968546	-0.0322972	0.0180276	0.246071	0.968546	-0.0322972	0.0180276	0.246071	0.968546	-0.0322972	0.0180276	0.246071
0.968546	-0.0322972	0.0180276	0.246071	0.968546	-0.0322972	0.0180276	0.246071	0.968546	-0.0322972	0.0180276	0.246071	0.968546	-0.0322972	0.0180276	0.246071
0.968546	-0.0322987	0.0180877	0.246066	0.968546	-0.0322987	0.0180877	0.246066	0.968546	-0.0322987	0.0180877	0.246066	0.968546	-0.0322987	0.0180877	0.246066
0.968541	-0.0323049	0.0180659	0.246086	0.968541	-0.0323049	0.0180659	0.246086	0.968541	-0.0323049	0.0180659	0.246086	0.968541	-0.0323049	0.0180659	0.246086
0.968541	-0.0323049	0.0180659	0.246086	0.968541	-0.0323049	0.0180659	0.246086	0.968541	-0.0323049	0.0180659	0.246086	0.968541	-0.0323049	0.0180659	0.246086
0.968535	-0.0323194	0.0181174	0.246102	0.968535	-0.0323194	0.0181174	0.246102	0.968535	-0.0323194	0.0181174	0.246102	0.968535	-0.0323194	0.0181174	0.246102
0.968543	-0.0322181	0.0181613	0.246082	0.968543	-0.0322181	0.0181613	0.246082	0.968543	-0.0322181	0.0181613	0.246082	0.968543	-0.0322181	0.0181613	0.246082
0.968542	-0.0321691	0.0181518	0.246095	0.968542	-0.0321691	0.0181518	0.246095	0.968542	-0.0321691	0.0181518	0.246095	0.968542	-0.0321691	0.0181518	0.246095
0.968533	-0.0321526	0.0183609	0.246116	0.968533	-0.0321526	0.0183609	0.246116	0.968533	-0.0321526	0.0183609	0.246116	0.968533	-0.0321526	0.0183609	0.246116
0.968533	-0.0321526	0.0183609	0.246116	0.968533	-0.0321526	0.0183609	0.246116	0.968533	-0.0321526	0.0183609	0.246116	0.968533	-0.0321526	0.0183609	0.246116
0.968536	-0.0321667	0.0182498	0.24611	0.968536	-0.0321667	0.0182498	0.24611	0.968536	-0.0321667	0.0182498	0.24611	0.968536	-0.0321667	0.0182498	0.24611
0.968529	-0.032293	0.0182531	0.246123	0.968529	-0.032293	0.0182531	0.246123	0.968529	-0.032293	0.0182531	0.246123	0.968529	-0.032293	0.0182531	0.246123
0.96852	-0.0323208	0.0181002	0.246164	0.96852	-0.0323208	0.0181002	0.246164	0.96852	-0.0323208	0.0181002	0.246164	0.96852	-0.0323208	0.0181002	0.246164
0.968518	-0.0322814	0.0180495	0.24618	0.968518	-0.0322814	0.0180495	0.24618	0.968518	-0.0322814	0.0180495	0.24618	0.968518	-0.0322814	0.0180495	0.24618
0.968521	-0.0322164	0.0180941	0.246173	0.968521	-0.0322164	0.0180941	0.246173	0.968521	-0.0322164	0.0180941	0.246173	0.968521	-0.0322164	0.0180941	0.246173
0.968513	-0.0322211	0.0181109	0.246202	0.968513	-0.0322211	0.0181109	0.246202	0.968513	-0.0322211	0.0181109	0.246202	0.968513	-0.0322211	0.0181109	0.246202
0.968513	-0.0322211	0.0181109	0.246202	0.968513	-0.0322211	0.0181109	0.246202	0.968513	-0.0322211	0.0181109	0.246202	0.968513	-0.0322211	0.0181109	0.246202
0.968505	-0.0322631	0.0180986	0.246232	0.968505	-0.0322631	0.0180986	0.246232	0.968505	-0.0322631	0.0180986	0.246232	0.968505	-0.0322631	0.0180986	0.246232
0.968509	-0.0321965	0.0179847	0.246232	0.968509	-0.0321965	0.0179847	0.246232	0.968509	-0.0321965	0.0179847	0.246232	0.968509	-0.0321965	0.0179847	0.246232
0.968509	-0.0321083	0.017882	0.24625	0.968509	-0.0321083	0.017882	0.24625	0.968509	-0.0321083	0.017882	0.24625	0.968509	-0.0321083	0.017882	0.24625
0.9685	-0.0321321	0.0179552	0.246279	0.9685	-0.0321321	0.0179552	0.246279	0.9685	-0.0321321	0.0179552	0.246279	0.9685	-0.0321321	0.0179552	0.246279
0.9685	-0.0321321	0.0179552	0.246279	0.9685	-0.0321321	0.0179552	0.246279	0.9685	-0.0321321	0.0179552	0.246279	0.9685	-0.0321321	0.0179552	0.246279
0.96849	-0.0321972	0.0180201	0.246303	0.96849	-0.0321972	0.0180201	0.246303	0.96849	-0.0321972	0.0180201	0.246303	0.96849	-0.0321972	0.0180201	0.246303
0.968495	-0.0321671	0.0180154	0.246288	0.968495	-0.0321671	0.0180154	0.246288	0.968495	-0.0321671	0.0180154	0.246288	0.968495	-0.0321671	0.0180154	0.246288
0.968497	-0.0321462	0.0180925	0.246277	0.968497	-0.0321462	0.0180925	0.246277	0.968497	-0.0321462	0.0180925	0.246277	0.968497	-0.0321462	0.0180925	0.246277
0.968487	-0.0321846	0.0182347	0.246303	0.968487	-0.0321846	0.0182347	0.246303	0.968487	-0.0321846	0.0182347	0.246303	0.968487	-0.0321846	0.0182347	0.246303
0.968487	-0.0321846	0.0182347	0.246303	0.968487	-0.0321846	0.0182347	0.246303	0.968487	-0.0321846	0.0182347	0.246303	0.968487	-0.0321846	0.0182347	0.246303
0.968478	-0.0322195	0.0182259	0.246333	0.968478	-0.0322195	0.0182259	0.246333	0.968478	-0.0322195	0.0182259	0.246333	0.968478	-0.0322195	0.0182259	0.246333
0.968469	-0.0322473	0.0181932	0.246367	0.968469	-0.0322473	0.0181932	0.246367	0.968469	-0.0322473	0.0181932	0.246367	0.968469	-0.0322473	0.0181932	0.246367
0.968477	-0.032227	0.0181748	0.246342	0.968477	-0.032227	0.0181748	0.246342	0.968477	-0.032227	0.0181748	0.246342	0.968477	-0.032227	0.0181748	0.246342
0.968472	-0.0323472	0.0181864	0.246345	0.968472	-0.0323472	0.0181864	0.246345	0.968472	-0.0323472	0.0181864	0.246345	0.968472	-0.0323472	0.0181864	0.246345
0.968459	-0.0323718	0.0181531	0.246392	0.968459	-0.0323718	0.0181531	0.246392	0.968459	-0.0323718	0.0181531	0.246392	0.968459	-0.0323718	0.0181531	0.246392
0.96846	-0.032457	0.0181836	0.246376	0.96846	-0.032457	0.0181836	0.246376	0.96846	-0.032457	0.0181836	0.246376	0.96846	-0.032457	0.0181836	0.246376
0.96846	-0.032457	0.0181836	0.246376	0.96846	-0.032457	0.0181836	0.246376	0.96846	-0.032457	0.0181836	0.246376	0.96846	-0.032457	0.0181836	0.246376
0.968454	-0.0324418	0.0180755	0.246408	0.968454	-0.0324418	0.0180755	0.246408	0.968454	-0.0324418	0.0180755	0.246408	0.968454	-0.0324418	0.0180755	0.246408
0.968449	-0.0324809	0.0180226	0.246428	0.968449	-0.0324809	0.0180226	0.246428	0.968449	-0.0324809	0.0180226	0.246428	0.968449	-0.0324809	0.0180226	0.246428
0.968448	-0.0324239	0.0181232	0.246432	0.968448	-0.0324239	0.0181232	0.246432	0.968448	-0.0324239	0.0181232	0.246432	0.968448	-0.0324239	0.0181232	0.246432
0.968438	-0.032384	0.0180863	0.24648	0.968438	-0.032384	0.0180863	0.24648	0.968438	-0.032384	0.0180863	0.24648	0.968438	-0.032384	0.0180863	0.24648
0.968445	-0.0322888	0.0180813	0.246464	0.968445	-0.0322888	0.0180813	0.246464	0.968445	-0.0322888	0.0180813	0.246464	0.968445	-0.0322888	0.0180813	0.246464
0.968445	-0.0322888	0.0180813	0.246464	0.968445	-0.0322888	0.0180813	0.246464	0.968445	-0.0322888	0.0180813	0.246464	0.968445	-0.0322888	0.0180813	0.246464
0.968448	-0.0322746	0.0180293	0.246457	0.968448	-0.0322746	0.0180293	0.246457	0.968448	-0.0322746	0.0180293	0.246457	0.968448	-0.0322746	0.0180293	0.246457
0.968447	-0.0323196	0.0180322	0.246455	0.968447	-0.0323196	0.0180322	0.246455	0.968447	-0.0323196	0.0180322	0.246455	0.968447	-0.0323196	0.0180322	0.246455
0.968457	-0.0322211	0.0180888	0.246426	0.968457	-0.0322211	0.0180888	0.246426	0.968457	-0.0322211	0.0180888	0.246426	0.968457	-0.0322211	0.0180888	0.246426
0.968457	-0.0322211	0.0180888	0.246426	0.968457	-0.0322211	0.0180888	0.246426	0.968457	-0.0322211	0.0180888	0.246426	0.968457	-0.0322211	0.0180888	0.246426
0.96845	-0.0323025	0.0180368	0.246444	0.96845	-0.0323025	0.0180368	0.246444	0.96845	-0.0323025	0.0180368	0.246444	0.96845	-0.0323025	0.0180368	0.246444
0.968437	-0.0323853	0.0181619	0.246478	0.968437	-0.0323853	0.0181619	0.246478	0.968437	-0.0323853	0.0181619	0.246478	0.968437	-0.0323853	0.0181619	0.246478
0.968437	-0.0323853	0.0181619	0.246478	0.968437	-0.0323853	0.0181619	0.246478	0.968437	-0.0323853	0.0181619	0.246478	0.968437	-0.0323853	0.0181619	0.246478
0.96844	-0.0323737	0.0182635	0.246459	0.96844	-0.0323737	0.0182635	0.246459	0.96844	-0.0323737	0.0182635	0.246459	0.96844	-0.0323737	0.0182635	0.246459
0.968425	-0.0323866	0.0182575	0.246516	0.968425	-0.0323866	0.0182575	0.246516	0.968425	-0.0323866	0.0182575	0.246516	0.968425	-0.0323866	0.0182575	0.246516
0.968419	-0.0323877	0.0182299	0.246542	0.968419	-0.0323877	0.0182299	0.246542	0.968419	-0.0323877	0.0182299	0.246542	0.968419	-0.0323877	0.0182299	0.246542
0.968412	-0.03237	0.0182463	0.24657	0.968412	-0.03237	0.0182463	0.24657	0.968412	-0.03237	0.0182463	0.24657	0.968412	-0.03237	0.0182463	0.24657
0.968407	-0.0324142	0.0182779	0.246584	0.968407	-0.0324142	0.0182779	0.246584	0.968407	-0.0324142	0.0182779	0.246584	0.968407	-0.0324142	0.0182779	0.246584
0.968377	-0.0324165	0.0181401	0.246711	0.968377	-0.0324165	0.0181401	0.246711	0.968377	-0.0324165	0.0181401	0.246711	0.968377	-0.0324165	0.0181401	0.246711
0.968373	-0.0324053	0.0181585	0.246727	0.968373	-0.0324053	0.0181585	0.246727	0.968373	-0.0324053	0.0181585	0.246727	0.968373	-0.0324053	0.0181585	0.246727
0.968373	-0.0324053	0.0181585	0.246727	0.968373	-0.0324053	0.0181585	0.246727	0.968373	-0.0324053	0.0181585	0.246727	0.968373	-0.0324053	0.0181585	0.246727
0.968401	-0.0323584	0.0182845	0.246614	0.968401	-0.0323584	0.0182845	0.246614	0.968401	-0.0323584	0.0182845	0.246614	0.968401	-0.0323584	0.0182845	0.246614
0.968393	-0.032349	0.0181951	0.246652	0.968393	-0.032349	0.0181951	0.246652	0.968393	-0.032349	0.0181951	0.246652	0.968393	-0.032349	0.0181951	0.246652
0.968376	-0.0323874	0.0181839	0.246715	0.968376	-0.0323874	0.0181839	0.246715	0.968376	-0.0323874	0.0181839	0.246715	0.968376	-0.0323874	0.0181839	0.246715
0.968373	-0.0323809	0.0181693	0.246729	0.968373	-0.0323809	0.0181693	0.246729	0.968373	-0.0323809	0.0181693	0.246729	0.968373	-0.0323809	0.0181693	0.246729
0.968373	-0.0323809	0.0181693	0.246729	0.968373	-0.0323809	0.0181693	0.246729	0.968373	-0.0323809	0.0181693	0.246729	0.968373	-0.0323809	0.0181693	0.246729
0.968368	-0.0324346	0.0181463	0.246744	0.968368	-0.0324346	0.0181463	0.246744	0.968368	-0.0324346	0.0181463	0.246744	0.968368	-0.0324346	0.0181463	0.246744
0.968379	-0.0324525	0.0182054	0.246692	0.968379	-0.0324525	0.0182054	0.246692	0.968379	-0.0324525	0.0182054	0.246692	0.968379	-0.0324525	0.0182054	0.246692
0.968371	-0.0325511	0.0182366	0.246709	0.968371	-0.0325511	0.0182366	0.246709	0.968371	-0.0325511	0.0182366	0.246709	0.968371	-0.0325511	0.0182366	0.246709
0.968377	-0.0325959	0.0183273	0.246672	0.968377	-0.0325959	0.0183273	0.246672	0.968377	-0.0325959	0.0183273	0.246672	0.968377	-0.0325959	0.0183273	0.246672
0.968397	-0.0325808	0.0184037	0.24659	0.968397	-0.0325808	0.0184037	0.24659	0.968397	-0.0325808	0.0184037	0.24659	0.968397	-0.0325808	0.0184037	0.24659
0.968397	-0.0325808	0.0184037	0.24659	0.968397	-0.0325808	0.0184037	0.24659	0.968397	-0.0325808	0.0184037	0.24659	0.968397	-0.0325808	0.0184037	0.24659
0.968418	-0.0325901	0.0185512	0.246495	0.968418	-0.0325901	0.0185512	0.246495	0.968418	-0.0325901	0.0185512	0.246495	0.968418	-0.0325901	0.0185512	0.246495
0.968408	-0.0325935	0.0184532	0.246541	0.968408	-0.0325935	0.0184532	0.246541	0.968408	-0.0325935	0.0184532	0.246541	0.968408	-0.0325935	0.0184532	0.246541
0.968431	-0.0323237	0.0184092	0.246491	0.968431	-0.0323237	0.0184092	0.246491	0.968431	-0.0323237	0.0184092	0.246491	0.968431	-0.0323237	0.0184092	0.246491
0.968439	-0.0322773	0.0183951	0.246465	0.968439	-0.0322773	0.0183951	0.246465	0.968439	-0.0322773	0.0183951	0.246465	0.968439	-0.0322773	0.0183951	0.246465
0.968446	-0.0321986	0.0184034	0.24645	0.968446	-0.0321986	0.0184034	0.24645	0.968446	-0.0321986	0.0184034	0.24645	0.968446	-0.0321986	0.0184034	0.24645
0.968446	-0.0321986	0.0184034	0.24645	0.968446	-0.0321986	0.0184034	0.24645	0.968446	-0.0321986	0.0184034	0.24645	0.968446	-0.0321986	0.0184034	0.24645
0.968403	-0.032458	0.0184594	0.246578	0.968403	-0.032458	0.0184594	0.246578	0.968403	-0.032458	0.0184594	0.246578	0.968403	-0.032458	0.0184594	0.246578
0.968396	-0.032453	0.018418	0.246611	0.968396	-0.032453	0.018418	0.246611	0.968396	-0.032453	0.018418	0.246611	0.968396	-0.032453	0.018418	0.246611
0.968394	-0.0324621	0.0183314	0.246624	0.968394	-0.0324621	0.0183314	0.246624	0.968394	-0.0324621	0.0183314	0.246624	0.968394	-0.0324621	0.0183314	0.246624
0.96837	-0.0323433	0.0180545	0.246754	0.96837	-0.0323433	0.0180545	0.246754	0.96837	-0.0323433	0.0180545	0.246754	0.96837	-0.0323433	0.0180545	0.246754
0.96837	-0.0323433	0.0180545	0.246754	0.96837	-0.0323433	0.0180545	0.246754	0.96837	-0.0323433	0.0180545	0.246754	0.96837	-0.0323433	0.0180545	0.246754
0.96837	-0.0323433	0.0180545	0.246754	0.96837	-0.0323433	0.0180545	0.246754	0.96837	-0.0323433	0.0180545	0.246754	0.96837	-0.0323433	0.0180545	0.246754
0.968366	-0.0322162	0.018011	0.246789	0.968366	-0.0322162	0.018011	0.246789	0.968366	-0.0322162	0.018011	0.246789	0.968366	-0.0322162	0.018011	0.246789
0.968367	-0.0322867	0.0179239	0.246785	0.968367	-0.0322867	0.0179239	0.246785	0.968367	-0.0322867	0.0179239	0.246785	0.968367	-0.0322867	0.0179239	0.246785
0.968367	-0.0322779	0.0179297	0.246782	0.968367	-0.0322779	0.0179297	0.246782	0.968367	-0.0322779	0.0179297	0.246782	0.968367	-0.0322779	0.0179297	0.246782
0.96836	-0.0322751	0.0178381	0.246816	0.96836	-0.0322751	0.0178381	0.246816	0.96836	-0.0322751	0.0178381	0.246816	0.96836	-0.0322751	0.0178381	0.246816
0.968365	-0.0321988	0.0179905	0.246798	0.968365	-0.0321988	0.0179905	0.246798	0.968365	-0.0321988	0.0179905	0.246798	0.968365	-0.0321988	0.0179905	0.246798
0.968365	-0.0321988	0.0179905	0.246798	0.968365	-0.0321988	0.0179905	0.246798	0.968365	-0.0321988	0.0179905	0.246798	0.968365	-0.0321988	0.0179905	0.246798
0.968365	-0.0321988	0.0179905	0.246798	0.968365	-0.0321988	0.0179905	0.246798	0.968365	-0.0321988	0.0179905	0.246798	0.968365	-0.0321988	0.0179905	0.246798
0.968365	-0.0323847	0.0180322	0.246768	0.968365	-0.0323847	0.0180322	0.246768	0.968365	-0.0323847	0.0180322	0.246768	0.968365	-0.0323847	0.0180322	0.246768
0.96837	-0.0323897	0.0180458	0.246749	0.96837	-0.0323897	0.0180458	0.246749	0.96837	-0.0323897	0.0180458	0.246749	0.96837	-0.0323897	0.0180458	0.246749
0.968373	-0.0323521	0.0180462	0.24674	0.968373	-0.0323521	0.0180462	0.24674	0.968373	-0.0323521	0.0180462	0.24674	0.968373	-0.0323521	0.0180462	0.24674
0.968373	-0.0323521	0.0180462	0.24674	0.968373	-0.0323521	0.0180462	0.24674	0.968373	-0.0323521	0.0180462	0.24674	0.968373	-0.0323521	0.0180462	0.24674
0.968397	-0.0323067	0.0182236	0.246638	0.968397	-0.0323067	0.0182236	0.246638	0.968397	-0.0323067	0.0182236	0.246638	0.968397	-0.0323067	0.0182236	0.246638
0.968416	-0.032157	0.0183395	0.246577	0.968416	-0.032157	0.0183395	0.246577	0.968416	-0.032157	0.0183395	0.246577	0.968416	-0.032157	0.0183395	0.246577
0.96843	-0.03206	0.0183875	0.246532	0.96843	-0.03206	0.0183875	0.246532	0.96843	-0.03206	0.0183875	0.246532	0.96843	-0.03206	0.0183875	0.246532
0.96843	-0.0320494	0.0183653	0.246533	0.96843	-0.0320494	0.0183653	0.246533	0.96843	-0.0320494	0.0183653	0.246533	0.96843	-0.0320494	0.0183653	0.246533
0.96843	-0.0320494	0.0183653	0.246533	0.96843	-0.0320494	0.0183653	0.246533	0.96843	-0.0320494	0.0183653	0.246533	0.96843	-0.0320494	0.0183653	0.246533
0.968426	-0.0320536	0.0184202	0.246546	0.968426	-0.0320536	0.0184202	0.246546	0.968426	-0.0320536	0.0184202	0.246546	0.968426	-0.0320536	0.0184202	0.246546
0.96841	-0.0321683	0.0183542	0.246599	0.96841	-0.0321683	0.0183542	0.246599	0.96841	-0.0321683	0.0183542	0.246599	0.96841	-0.0321683	0.0183542	0.246599
0.968411	-0.0320672	0.0183014	0.246612	0.968411	-0.0320672	0.0183014	0.246612	0.968411	-0.0320672	0.0183014	0.246612	0.968411	-0.0320672	0.0183014	0.246612
0.968407	-0.0320775	0.0182486	0.246628	0.968407	-0.0320775	0.0182486	0.246628	0.968407	-0.0320775	0.0182486	0.246628	0.968407	-0.0320775	0.0182486	0.246628
0.968407	-0.0320775	0.0182486	0.246628	0.968407	-0.0320775	0.0182486	0.246628	0.968407	-0.0320775	0.0182486	0.246628	0.968407	-0.0320775	0.0182486	0.246628
0.968413	-0.032032	0.0184368	0.246599	0.968413	-0.032032	0.0184368	0.246599	0.968413	-0.032032	0.0184368	0.246599	0.968413	-0.032032	0.0184368	0.246599
0.968399	-0.0321301	0.0184538	0.246638	0.968399	-0.0321301	0.0184538	0.246638	0.968399	-0.0321301	0.0184538	0.246638	0.968399	-0.0321301	0.0184538	0.246638
0.968399	-0.0321301	0.0184538	0.246638	0.968399	-0.0321301	0.0184538	0.246638	0.968399	-0.0321301	0.0184538	0.246638	0.968399	-0.0321301	0.0184538	0.246638
0.968419	-0.0320284	0.018524	0.246567	0.968419	-0.0320284	0.018524	0.246567	0.968419	-0.0320284	0.018524	0.246567	0.968419	-0.0320284	0.018524	0.246567
0.968415	-0.0320473	0.0184465	0.246586	0.968415	-0.0320473	0.0184465	0.246586	0.968415	-0.0320473	0.0184465	0.246586	0.968415	-0.0320473	0.0184465	0.246586
0.968416	-0.0320614	0.0184558	0.246578	0.968416	-0.0320614	0.0184558	0.246578	0.968416	-0.0320614	0.0184558	0.246578	0.968416	-0.0320614	0.0184558	0.246578
0.968416	-0.0320614	0.0184558	0.246578	0.968416	-0.0320614	0.0184558	0.246578	0.968416	-0.0320614	0.0184558	0.246578	0.968416	-0.0320614	0.0184558	0.246578
0.968396	-0.0321346	0.0183385	0.246658	0.968396	-0.0321346	0.0183385	0.246658	0.968396	-0.0321346	0.0183385	0.246658	0.968396	-0.0321346	0.0183385	0.246658
0.968402	-0.0321415	0.0183653	0.246633	0.968402	-0.0321415	0.0183653	0.246633	0.968402	-0.0321415	0.0183653	0.246633	0.968402	-0.0321415	0.0183653	0.246633
0.968393	-0.0322302	0.0184298	0.246649	0.968393	-0.0322302	0.0184298	0.246649	0.968393	-0.0322302	0.0184298	0.246649	0.968393	-0.0322302	0.0184298	0.246649
0.968404	-0.0322394	0.018538	0.246599	0.968404	-0.0322394	0.018538	0.246599	0.968404	-0.0322394	0.018538	0.246599	0.968404	-0.0322394	0.018538	0.246599
0.968404	-0.0322394	0.018538	0.246599	0.968404	-0.0322394	0.018538	0.246599	0.968404	-0.0322394	0.018538	0.246599	0.968404	-0.0322394	0.018538	0.246599
0.968413	-0.0321983	0.0187009	0.246557	0.968413	-0.0321983	0.0187009	0.246557	0.968413	-0.0321983	0.0187009	0.246557	0.968413	-0.0321983	0.0187009	0.246557
0.968432	-0.0321429	0.0187507	0.246483	0.968432	-0.0321429	0.0187507	0.246483	0.968432	-0.0321429	0.0187507	0.246483	0.968432	-0.0321429	0.0187507	0.246483
0.968454	-0.0320974	0.0187934	0.246399	0.968454	-0.0320974	0.0187934	0.246399	0.968454	-0.0320974	0.0187934	0.246399	0.968454	-0.0320974	0.0187934	0.246399
0.96846	-0.0321028	0.018745	0.246381	0.96846	-0.0321028	0.018745	0.246381	0.96846	-0.0321028	0.018745	0.246381	0.96846	-0.0321028	0.018745	0.246381
0.968457	-0.0321693	0.0187719	0.246383	0.968457	-0.0321693	0.0187719	0.246383	0.968457	-0.0321693	0.0187719	0.246383	0.968457	-0.0321693	0.0187719	0.246383
0.968457	-0.0321693	0.0187719	0.246383	0.968457	-0.0321693	0.0187719	0.246383	0.968457	-0.0321693	0.0187719	0.246383	0.968457	-0.0321693	0.0187719	0.246383
0.968468	-0.0320782	0.0187274	0.246352	0.968468	-0.0320782	0.0187274	0.246352	0.968468	-0.0320782	0.0187274	0.246352	0.968468	-0.0320782	0.0187274	0.246352
0.96847	-0.0320385	0.0186341	0.246356	0.96847	-0.0320385	0.0186341	0.246356	0.96847	-0.0320385	0.0186341	0.246356	0.96847	-0.0320385	0.0186341	0.246356
0.968471	-0.0320373	0.018522	0.246362	0.968471	-0.0320373	0.018522	0.246362	0.968471	-0.0320373	0.018522	0.246362	0.968471	-0.0320373	0.018522	0.246362
0.96846	-0.0321389	0.0183358	0.246408	0.96846	-0.0321389	0.0183358	0.246408	0.96846	-0.0321389	0.0183358	0.246408	0.96846	-0.0321389	0.0183358	0.246408
0.968466	-0.0321442	0.0183265	0.246383	0.968466	-0.0321442	0.0183265	0.246383	0.968466	-0.0321442	0.0183265	0.246383	0.968466	-0.0321442	0.0183265	0.246383
0.968466	-0.0321442	0.0183265	0.246383	0.968466	-0.0321442	0.0183265	0.246383	0.968466	-0.0321442	0.0183265	0.246383	0.968466	-0.0321442	0.0183265	0.246383
0.968466	-0.0321442	0.0183265	0.246383	0.968466	-0.0321442	0.0183265	0.246383	0.968466	-0.0321442	0.0183265	0.246383	0.968466	-0.0321442	0.0183265	0.246383
0.968479	-0.0321642	0.0185586	0.246312	0.968479	-0.0321642	0.0185586	0.246312	0.968479	-0.0321642	0.0185586	0.246312	0.968479	-0.0321642	0.0185586	0.246312
0.968463	-0.032314	0.0186205	0.246352	0.968463	-0.032314	0.0186205	0.246352	0.968463	-0.032314	0.0186205	0.246352	0.968463	-0.032314	0.0186205	0.246352
0.968466	-0.0323545	0.0187976	0.246319	0.968466	-0.0323545	0.0187976	0.246319	0.968466	-0.0323545	0.0187976	0.246319	0.968466	-0.0323545	0.0187976	0.246319
0.968466	-0.0323545	0.0187976	0.246319	0.968466	-0.0323545	0.0187976	0.246319	0.968466	-0.0323545	0.0187976	0.246319	0.968466	-0.0323545	0.0187976	0.246319
0.968453	-0.0324457	0.0188353	0.246357	0.968453	-0.0324457	0.0188353	0.246357	0.968453	-0.0324457	0.0188353	0.246357	0.968453	-0.0324457	0.0188353	0.246357
0.968471	-0.0323546	0.0188394	0.246297	0.968471	-0.0323546	0.0188394	0.246297	0.968471	-0.0323546	0.0188394	0.246297	0.968471	-0.0323546	0.0188394	0.246297
0.968505	-0.0322806	0.0190043	0.24616	0.968505	-0.0322806	0.0190043	0.24616	0.968505	-0.0322806	0.0190043	0.24616	0.968505	-0.0322806	0.0190043	0.24616
0.96852	-0.0322313	0.0191017	0.246101	0.96852	-0.0322313	0.0191017	0.246101	0.96852	-0.0322313	0.0191017	0.246101	0.96852	-0.0322313	0.0191017	0.246101
0.96852	-0.0322313	0.0191017	0.246101	0.96852	-0.0322313	0.0191017	0.246101	0.96852	-0.0322313	0.0191017	0.246101	0.96852	-0.0322313	0.0191017	0.246101
0.968526	-0.0321905	0.0190744	0.246082	0.968526	-0.0321905	0.0190744	0.246082	0.968526	-0.0321905	0.0190744	0.246082	0.968526	-0.0321905	0.0190744	0.246082
0.968505	-0.0322607	0.0190609	0.246157	0.968505	-0.0322607	0.0190609	0.246157	0.968505	-0.0322607	0.0190609	0.246157	0.968505	-0.0322607	0.0190609	0.246157
0.968521	-0.0321701	0.0191097	0.246104	0.968521	-0.0321701	0.0191097	0.246104	0.968521	-0.0321701	0.0191097	0.246104	0.968521	-0.0321701	0.0191097	0.246104
0.968539	-0.0321146	0.0190333	0.246046	0.968539	-0.0321146	0.0190333	0.246046	0.968539	-0.0321146	0.0190333	0.246046	0.968539	-0.0321146	0.0190333	0.246046
0.968539	-0.0321146	0.0190333	0.246046	0.968539	-0.0321146	0.0190333	0.246046	0.968539	-0.0321146	0.0190333	0.246046	0.968539	-0.0321146	0.0190333	0.246046
0.968576	-0.0319878	0.0187775	0.245936	0.968576	-0.0319878	0.0187775	0.245936	0.968576	-0.0319878	0.0187775	0.245936	0.968576	-0.0319878	0.0187775	0.245936
0.968588	-0.0319526	0.0186796	0.245901	0.968588	-0.0319526	0.0186796	0.245901	0.968588	-0.0319526	0.0186796	0.245901	0.968588	-0.0319526	0.0186796	0.245901
0.968577	-0.0320277	0.0183349	0.245959	0.968577	-0.0320277	0.0183349	0.245959	0.968577	-0.0320277	0.0183349	0.245959	0.968577	-0.0320277	0.0183349	0.245959
0.968583	-0.0320792	0.0179588	0.245956	0.968583	-0.0320792	0.0179588	0.245956	0.968583	-0.0320792	0.0179588	0.245956	0.968583	-0.0320792	0.0179588	0.245956
0.968574	-0.0320497	0.0179099	0.246	0.968574	-0.0320497	0.0179099	0.246	0.968574	-0.0320497	0.0179099	0.246	0.968574	-0.0320497	0.0179099	0.246
0.968574	-0.0320497	0.0179099	0.246	0.968574	-0.0320497	0.0179099	0.246	0.968574	-0.0320497	0.0179099	0.246	0.968574	-0.0320497	0.0179099	0.246
0.968575	-0.0321748	0.0179215	0.245979	0.968575	-0.0321748	0.0179215	0.245979	0.968575	-0.0321748	0.0179215	0.245979	0.968575	-0.0321748	0.0179215	0.245979
0.968577	-0.0322593	0.0179913	0.245955	0.968577	-0.0322593	0.0179913	0.245955	0.968577	-0.0322593	0.0179913	0.245955	0.968577	-0.0322593	0.0179913	0.245955
0.968587	-0.032192	0.0180671	0.245921	0.968587	-0.032192	0.0180671	0.245921	0.968587	-0.032192	0.0180671	0.245921	0.968587	-0.032192	0.0180671	0.245921
0.968587	-0.032192	0.0180671	0.245921	0.968587	-0.032192	0.0180671	0.245921	0.968587	-0.032192	0.0180671	0.245921	0.968587	-0.032192	0.0180671	0.245921
0.968583	-0.0322697	0.0178942	0.245938	0.968583	-0.0322697	0.0178942	0.245938	0.968583	-0.0322697	0.0178942	0.245938	0.968583	-0.0322697	0.0178942	0.245938
0.968591	-0.0322519	0.0180352	0.2459	0.968591	-0.0322519	0.0180352	0.2459	0.968591	-0.0322519	0.0180352	0.2459	0.968591	-0.0322519	0.0180352	0.2459
0.968588	-0.0323477	0.0180414	0.245896	0.968588	-0.0323477	0.0180414	0.245896	0.968588	-0.0323477	0.0180414	0.245896	0.968588	-0.0323477	0.0180414	0.245896
0.968583	-0.0323596	0.0180408	0.245917	0.968583	-0.0323596	0.0180408	0.245917	0.968583	-0.0323596	0.0180408	0.245917	0.968583	-0.0323596	0.0180408	0.245917
0.968583	-0.0323596	0.0180408	0.245917	0.968583	-0.0323596	0.0180408	0.245917	0.968583	-0.0323596	0.0180408	0.245917	0.968583	-0.0323596	0.0180408	0.245917
0.968586	-0.0323068	0.0181194	0.245906	0.968586	-0.0323068	0.0181194	0.245906	0.968586	-0.0323068	0.0181194	0.245906	0.968586	-0.0323068	0.0181194	0.245906
0.968586	-0.0322066	0.0181087	0.245917	0.968586	-0.0322066	0.0181087	0.245917	0.968586	-0.0322066	0.0181087	0.245917	0.968586	-0.0322066	0.0181087	0.245917
0.968585	-0.0323767	0.0181194	0.245899	0.968585	-0.0323767	0.0181194	0.245899	0.968585	-0.0323767	0.0181194	0.245899	0.968585	-0.0323767	0.0181194	0.245899
0.968599	-0.032365	0.0182612	0.245835	0.968599	-0.032365	0.0182612	0.245835	0.968599	-0.032365	0.0182612	0.245835	0.968599	-0.032365	0.0182612	0.245835
0.968607	-0.0323711	0.0182632	0.245804	0.968607	-0.0323711	0.0182632	0.245804	0.968607	-0.0323711	0.0182632	0.245804	0.968607	-0.0323711	0.0182632	0.245804
0.968603	-0.0324509	0.0182207	0.245811	0.968603	-0.0324509	0.0182207	0.245811	0.968603	-0.0324509	0.0182207	0.245811	0.968603	-0.0324509	0.0182207	0.245811
0.968601	-0.0325246	0.0181757	0.245815	0.968601	-0.0325246	0.0181757	0.245815	0.968601	-0.0325246	0.0181757	0.245815	0.968601	-0.0325246	0.0181757	0.245815
0.968598	-0.0325763	0.0181634	0.245819	0.968598	-0.0325763	0.0181634	0.245819	0.968598	-0.0325763	0.0181634	0.245819	0.968598	-0.0325763	0.0181634	0.245819
0.96858	-0.0326116	0.0180718	0.245891	0.96858	-0.0326116	0.0180718	0.245891	0.96858	-0.0326116	0.0180718	0.245891	0.96858	-0.0326116	0.0180718	0.245891
0.968579	-0.0326152	0.0180228	0.245899	0.968579	-0.0326152	0.0180228	0.245899	0.968579	-0.0326152	0.0180228	0.245899	0.968579	-0.0326152	0.0180228	0.245899
0.96857	-0.0324474	0.017973	0.24596	0.96857	-0.0324474	0.017973	0.24596	0.96857	-0.0324474	0.017973	0.24596	0.96857	-0.0324474	0.017973	0.24596
0.968541	-0.0322625	0.0177068	0.246117	0.968541	-0.0322625	0.0177068	0.246117	0.968541	-0.0322625	0.0177068	0.246117	0.968541	-0.0322625	0.0177068	0.246117
0.968548	-0.0322445	0.0176906	0.246095	0.968548	-0.0322445	0.0176906	0.246095	0.968548	-0.0322445	0.0176906	0.246095	0.968548	-0.0322445	0.0176906	0.246095
0.968568	-0.0324536	0.0176675	0.245988	0.968568	-0.0324536	0.0176675	0.245988	0.968568	-0.0324536	0.0176675	0.245988	0.968568	-0.0324536	0.0176675	0.245988
0.968571	-0.0324743	0.0176654	0.245975	0.968571	-0.0324743	0.0176654	0.245975	0.968571	-0.0324743	0.0176654	0.245975	0.968571	-0.0324743	0.0176654	0.245975
0.968573	-0.032443	0.0176829	0.245969	0.968573	-0.032443	0.0176829	0.245969	0.968573	-0.032443	0.0176829	0.245969	0.968573	-0.032443	0.0176829	0.245969
0.968573	-0.032443	0.0176829	0.245969	0.968573	-0.032443	0.0176829	0.245969	0.968573	-0.032443	0.0176829	0.245969	0.968573	-0.032443	0.0176829	0.245969
0.968565	-0.0323408	0.0175769	0.246024	0.968565	-0.0323408	0.0175769	0.246024	0.968565	-0.0323408	0.0175769	0.246024	0.968565	-0.0323408	0.0175769	0.246024
0.968573	-0.032413	0.017553	0.245983	0.968573	-0.032413	0.017553	0.245983	0.968573	-0.032413	0.017553	0.245983	0.968573	-0.032413	0.017553	0.245983
0.968575	-0.0322987	0.0175474	0.245992	0.968575	-0.0322987	0.0175474	0.245992	0.968575	-0.0322987	0.0175474	0.245992	0.968575	-0.0322987	0.0175474	0.245992
0.968576	-0.0323428	0.0175594	0.245981	0.968576	-0.0323428	0.0175594	0.245981	0.968576	-0.0323428	0.0175594	0.245981	0.968576	-0.0323428	0.0175594	0.245981
0.968576	-0.0323428	0.0175594	0.245981	0.968576	-0.0323428	0.0175594	0.245981	0.968576	-0.0323428	0.0175594	0.245981	0.968576	-0.0323428	0.0175594	0.245981
0.968576	-0.0322963	0.0176207	0.245982	0.968576	-0.0322963	0.0176207	0.245982	0.968576	-0.0322963	0.0176207	0.245982	0.968576	-0.0322963	0.0176207	0.245982
0.968578	-0.0321441	0.0176091	0.245994	0.968578	-0.0321441	0.0176091	0.245994	0.968578	-0.0321441	0.0176091	0.245994	0.968578	-0.0321441	0.0176091	0.245994
0.968581	-0.0321677	0.0176563	0.245975	0.968581	-0.0321677	0.0176563	0.245975	0.968581	-0.0321677	0.0176563	0.245975	0.968581	-0.0321677	0.0176563	0.245975
0.968571	-0.0322731	0.0176732	0.246002	0.968571	-0.0322731	0.0176732	0.246002	0.968571	-0.0322731	0.0176732	0.246002	0.968571	-0.0322731	0.0176732	0.246002
0.96857	-0.0323794	0.0176949	0.245991	0.96857	-0.0323794	0.0176949	0.245991	0.96857	-0.0323794	0.0176949	0.245991	0.96857	-0.0323794	0.0176949	0.245991
0.96857	-0.0323794	0.0176949	0.245991	0.96857	-0.0323794	0.0176949	0.245991	0.96857	-0.0323794	0.0176949	0.245991	0.96857	-0.0323794	0.0176949	0.245991
0.968567	-0.0324318	0.0177332	0.245993	0.968567	-0.0324318	0.0177332	0.245993	0.968567	-0.0324318	0.0177332	0.245993	0.968567	-0.0324318	0.0177332	0.245993
0.968557	-0.0324005	0.0176883	0.246037	0.968557	-0.0324005	0.0176883	0.246037	0.968557	-0.0324005	0.0176883	0.246037	0.968557	-0.0324005	0.0176883	0.246037
0.968555	-0.0323556	0.0176439	0.246054	0.968555	-0.0323556	0.0176439	0.246054	0.968555	-0.0323556	0.0176439	0.246054	0.968555	-0.0323556	0.0176439	0.246054
0.968553	-0.0322692	0.0175926	0.246076	0.968553	-0.0322692	0.0175926	0.246076	0.968553	-0.0322692	0.0175926	0.246076	0.968553	-0.0322692	0.0175926	0.246076
0.968553	-0.0322692	0.0175926	0.246076	0.968553	-0.0322692	0.0175926	0.246076	0.968553	-0.0322692	0.0175926	0.246076	0.968553	-0.0322692	0.0175926	0.246076
0.968573	-0.0321818	0.0178692	0.24599	0.968573	-0.0321818	0.0178692	0.24599	0.968573	-0.0321818	0.0178692	0.24599	0.968573	-0.0321818	0.0178692	0.24599
0.968573	-0.0321818	0.0178692	0.24599	0.968573	-0.0321818	0.0178692	0.24599	0.968573	-0.0321818	0.0178692	0.24599	0.968573	-0.0321818	0.0178692	0.24599
0.968564	-0.0322483	0.0177342	0.246028	0.968564	-0.0322483	0.0177342	0.246028	0.968564	-0.0322483	0.0177342	0.246028	0.968564	-0.0322483	0.0177342	0.246028
0.968561	-0.0322799	0.017735	0.246035	0.968561	-0.0322799	0.017735	0.246035	0.968561	-0.0322799	0.017735	0.246035	0.968561	-0.0322799	0.017735	0.246035
0.968568	-0.0322545	0.0177757	0.246006	0.968568	-0.0322545	0.0177757	0.246006	0.968568	-0.0322545	0.0177757	0.246006	0.968568	-0.0322545	0.0177757	0.246006
0.96859	-0.0321181	0.0178881	0.245929	0.96859	-0.0321181	0.0178881	0.245929	0.96859	-0.0321181	0.0178881	0.245929	0.96859	-0.0321181	0.0178881	0.245929
